y_predict,y_score,y_true
0.0,6.556709308824793e-08,0
1.0,0.9998557567596436,1
1.0,0.8045967221260071,1
1.0,1.0,1
1.0,0.9998869895935059,1
1.0,0.9999860525131226,1
1.0,0.9999939203262329,1
0.0,8.62895205955283e-07,0
1.0,0.9940295219421387,1
0.0,2.8051849038090992e-11,0
1.0,0.9999899864196777,1
1.0,0.9999979734420776,1
0.0,4.179702871769862e-16,0
1.0,0.9952071309089661,1
0.0,1.396697484778997e-06,0
0.0,6.242070958251134e-05,0
0.0,0.005627790465950966,0
1.0,0.9999260902404785,1
1.0,0.999981164932251,1
1.0,0.9999974966049194,1
1.0,0.9999939203262329,1
0.0,4.084208285348723e-06,0
0.0,1.1106991770759578e-08,0
0.0,4.887011351151216e-10,0
0.0,0.0005495918449014425,0
0.0,1.2509596025722658e-08,0
1.0,0.9999513626098633,1
1.0,0.5140324831008911,1
0.0,0.4297833740711212,1
1.0,0.9534658789634705,1
0.0,6.557491908417562e-14,0
1.0,0.9990808963775635,1
1.0,0.9945144653320312,1
0.0,4.3704834673183313e-13,0
1.0,0.9999997615814209,1
1.0,0.9999978542327881,1
1.0,0.9740628600120544,1
1.0,0.9998779296875,1
1.0,0.9976825714111328,1
1.0,0.8650223612785339,1
1.0,0.9924346208572388,1
0.0,4.8936912207864225e-05,0
0.0,1.3853262998964055e-06,0
1.0,0.9990524649620056,1
0.0,2.2546735635842197e-05,0
1.0,0.9999922513961792,1
1.0,0.9999951124191284,1
1.0,0.9998538494110107,1
0.0,1.8850865671993233e-05,0
1.0,0.9996128678321838,1
1.0,0.9088248610496521,1
0.0,1.652500358773068e-10,0
1.0,1.0,1
1.0,0.9647423028945923,1
1.0,0.9851387143135071,1
1.0,0.9999420642852783,1
1.0,0.9992976188659668,1
1.0,0.9998140931129456,1
1.0,0.9683760404586792,1
1.0,0.9999983310699463,1
0.0,0.3519212305545807,1
1.0,0.9860715270042419,1
0.0,2.238534607245518e-13,0
1.0,0.9998582601547241,1
1.0,1.0,1
0.0,0.15843993425369263,0
0.0,0.0001663452567299828,0
1.0,0.9996084570884705,1
1.0,0.998206615447998,1
0.0,0.0003235138428863138,0
1.0,0.9850932359695435,1
0.0,3.664352107080049e-06,0
1.0,0.9998962879180908,1
1.0,0.9651488065719604,1
1.0,0.9999973773956299,1
1.0,0.9999996423721313,1
1.0,0.9673506021499634,1
0.0,0.00020425551338121295,0
1.0,0.9993799924850464,1
1.0,0.999915361404419,1
0.0,1.308416267420398e-05,0
0.0,0.0017793193692341447,0
1.0,0.9996938705444336,1
0.0,0.00010157257202081382,0
0.0,0.0005787889240309596,0
1.0,0.9964842796325684,1
0.0,5.220584716880694e-05,0
1.0,0.9994276165962219,1
0.0,1.9624306446530682e-07,0
1.0,0.9999716281890869,1
1.0,0.9980788230895996,1
1.0,1.0,1
0.0,0.11705974489450455,1
1.0,0.9347530007362366,1
0.0,6.72728333483974e-07,0
1.0,0.9993032217025757,1
1.0,0.9999600648880005,1
1.0,0.9999816417694092,1
0.0,4.2502353608142585e-05,0
0.0,0.0004410163965076208,0
1.0,0.9213727712631226,1
0.0,1.920553586387541e-06,0
1.0,0.9964626431465149,1
0.0,4.102988615528602e-09,0
0.0,1.088229950596542e-08,0
0.0,4.1288040796342e-15,0
1.0,0.8802867531776428,1
0.0,1.5670198990846984e-05,0
1.0,0.9999752044677734,1
0.0,1.1544515473360661e-05,0
0.0,0.3125687837600708,0
0.0,1.9652773630696174e-07,0
1.0,0.9999895095825195,1
1.0,0.9998551607131958,1
0.0,0.00018719332001637667,0
1.0,0.9424170851707458,1
1.0,0.9813686609268188,1
0.0,5.6833610869944096e-05,0
0.0,2.1293590890536507e-08,0
0.0,2.6622399218467763e-06,0
1.0,0.9999527931213379,1
0.0,9.140465517993874e-15,0
0.0,3.986712329151487e-07,0
0.0,0.008118304423987865,0
1.0,0.9999111890792847,1
0.0,1.9929204952973123e-09,0
1.0,0.9483775496482849,1
1.0,0.9419089555740356,1
1.0,0.9999877214431763,1
0.0,0.05246468260884285,0
1.0,0.8383762836456299,1
0.0,6.62590551314679e-08,0
0.0,3.252090863270496e-08,0
1.0,0.9988372921943665,1
0.0,8.249958938222335e-08,0
1.0,0.9993864297866821,1
1.0,0.9999163150787354,1
0.0,6.593922535103047e-06,0
0.0,1.5356691918100296e-08,0
1.0,0.9311579465866089,1
1.0,0.9835245609283447,1
0.0,4.6920408180994855e-07,0
0.0,2.6871026420849375e-05,0
1.0,0.990301251411438,1
1.0,0.9754982590675354,1
1.0,0.997127115726471,1
1.0,0.9989990592002869,1
0.0,1.231315707173053e-07,0
0.0,3.2779451430542395e-05,0
1.0,0.9738958477973938,1
0.0,1.005322403102582e-07,0
0.0,0.00014012664905749261,0
1.0,0.999976634979248,1
1.0,0.9911653399467468,1
1.0,0.9967327117919922,1
0.0,5.075958142697345e-07,0
0.0,0.00025377963902428746,0
1.0,0.9964727759361267,1
0.0,1.981088404434672e-09,0
1.0,1.0,1
0.0,2.844961419223857e-11,0
0.0,2.834641918525449e-06,0
0.0,2.1875583289254763e-10,0
1.0,0.9999814033508301,1
1.0,0.999997615814209,1
0.0,2.718385587741068e-07,0
0.0,2.1175190340727568e-05,0
0.0,8.913167981461356e-09,0
1.0,0.9999966621398926,1
1.0,0.9999992847442627,1
0.0,1.5015609278634656e-05,0
1.0,0.9806419014930725,1
1.0,0.9999783039093018,1
0.0,1.1769718355481018e-07,0
1.0,0.9996066689491272,1
1.0,0.9945347309112549,1
1.0,0.9999997615814209,1
0.0,4.11789557119846e-07,0
1.0,0.9995500445365906,1
1.0,0.9893046617507935,1
1.0,0.9993401169776917,1
1.0,0.9991645812988281,1
0.0,1.0709275244380478e-08,0
0.0,7.478264052451777e-08,0
1.0,0.999915361404419,1
1.0,0.8005197644233704,1
1.0,0.9998014569282532,1
1.0,0.9999978542327881,1
0.0,3.500792809063569e-05,0
0.0,0.013303842395544052,0
1.0,0.9992243051528931,1
1.0,0.9998327493667603,1
0.0,1.629081244902686e-11,0
1.0,0.9999756813049316,1
1.0,0.9996899366378784,1
1.0,0.9923041462898254,1
1.0,0.9985194802284241,1
1.0,0.9729737639427185,1
1.0,0.9945571422576904,1
1.0,0.9999985694885254,1
1.0,0.8819461464881897,1
1.0,0.9999927282333374,1
0.0,0.007227225694805384,0
0.0,0.00047361134784296155,0
0.0,2.762832082225941e-06,0
0.0,8.396393695875304e-07,0
1.0,0.9999922513961792,1
0.0,2.828495780704543e-06,0
1.0,0.9996271133422852,1
1.0,0.999902606010437,1
1.0,0.9999954700469971,1
0.0,5.431298859548406e-07,0
1.0,0.9998388290405273,1
1.0,0.9999995231628418,1
0.0,7.93092347350921e-09,0
0.0,0.00036187589284963906,0
1.0,0.9997294545173645,1
1.0,0.9999697208404541,1
1.0,0.8204848766326904,1
1.0,0.9999990463256836,1
1.0,0.9965338706970215,1
0.0,1.1122053972245638e-10,0
0.0,4.197621819912456e-06,0
0.0,2.9290205816323578e-09,0
0.0,3.129760628439726e-08,0
1.0,0.9549247622489929,1
0.0,3.0048257031012326e-05,0
1.0,0.9999909400939941,1
0.0,7.137025477277348e-06,0
0.0,1.853077810665127e-05,0
0.0,1.9298749265317383e-08,0
0.0,3.947222637634695e-08,0
1.0,0.9999990463256836,1
0.0,6.3537304413330276e-06,0
1.0,0.9999978542327881,1
0.0,1.6162356359927799e-06,0
1.0,0.9996583461761475,1
0.0,0.00036355265183374286,0
0.0,1.7341597413178533e-05,0
1.0,0.9443956017494202,1
1.0,0.9983798265457153,1
0.0,1.9987368204965605e-07,0
0.0,1.8451265759722446e-07,0
1.0,0.9987797141075134,1
1.0,0.8678973317146301,1
1.0,0.9997022747993469,1
1.0,0.9999991655349731,1
1.0,0.9999998807907104,1
1.0,0.9985669255256653,1
1.0,0.9999765157699585,1
1.0,0.9975661039352417,1
1.0,1.0,1
1.0,0.8356413245201111,1
1.0,0.9942360520362854,1
0.0,0.00026205237372778356,0
0.0,3.750541736735613e-06,0
1.0,0.9996664524078369,1
0.0,2.17268656399483e-08,0
1.0,0.9997617602348328,1
0.0,2.2456129045167472e-06,0
0.0,4.449882737844746e-07,0
0.0,0.0002483738062437624,0
1.0,0.9997337460517883,1
0.0,1.0878858347496134e-07,0
0.0,0.2480696141719818,0
1.0,0.9998538494110107,1
0.0,2.178884433989836e-10,0
1.0,0.9999470710754395,1
0.0,0.003588511375710368,0
1.0,0.9900606870651245,1
1.0,0.9999701976776123,1
0.0,0.0020986751187592745,0
0.0,2.6786874514073133e-05,0
0.0,3.4185916319984244e-08,0
1.0,0.9998563528060913,1
1.0,0.8646320104598999,1
0.0,0.00015928069478832185,0
1.0,0.9916263818740845,1
1.0,1.0,1
1.0,0.9998194575309753,1
0.0,0.0032552657648921013,0
1.0,0.9999762773513794,1
1.0,0.9999967813491821,1
1.0,0.9997707009315491,1
1.0,0.99972003698349,1
1.0,0.9997050166130066,1
0.0,5.95899109612219e-06,0
1.0,0.9998511075973511,1
0.0,7.889120468007604e-08,0
1.0,0.998789370059967,1
0.0,2.8065057833259743e-08,0
0.0,4.5293436414794996e-05,0
1.0,0.9971747398376465,1
0.0,1.045540898303443e-06,0
1.0,0.7843871712684631,1
1.0,0.9996119141578674,1
1.0,0.9937102794647217,1
1.0,0.9984161853790283,1
1.0,0.9861266016960144,1
1.0,0.9999227523803711,1
1.0,0.5914149284362793,1
0.0,2.0675352061516605e-06,0
0.0,3.541135447449051e-05,0
0.0,1.7751888208294986e-06,0
0.0,4.3582407016629077e-08,0
0.0,1.2978638324057101e-06,0
1.0,0.999931812286377,1
1.0,0.9521927833557129,1
1.0,0.9999103546142578,1
1.0,0.9078881740570068,1
1.0,0.9852409958839417,1
1.0,0.9283140897750854,1
0.0,2.2449417258485482e-07,0
1.0,0.9561479091644287,1
1.0,0.9999352693557739,1
0.0,2.2856703196794115e-09,0
1.0,0.9836903214454651,1
0.0,2.7516711270436645e-05,0
1.0,0.9999920129776001,1
1.0,0.9999978542327881,1
0.0,1.231326677952893e-05,0
1.0,0.9999792575836182,1
0.0,1.4141385840105158e-09,0
1.0,0.9999923706054688,1
0.0,7.694112355238758e-06,0
1.0,0.9995101690292358,1
1.0,0.9010689854621887,1
0.0,0.10173831880092621,0
0.0,1.514990657369708e-07,0
1.0,0.9999995231628418,1
1.0,0.9200396537780762,1
0.0,2.1067991795575836e-09,0
1.0,0.7997816205024719,1
1.0,0.9885584115982056,1
1.0,0.8994749784469604,1
1.0,0.9450461864471436,1
1.0,0.9314311742782593,1
1.0,0.9999094009399414,1
0.0,7.803193508015838e-11,0
1.0,0.9816634654998779,1
0.0,7.1797285998431715e-12,0
0.0,4.906021899842017e-08,0
0.0,4.296847677665028e-08,0
0.0,2.989684981002938e-05,0
0.0,8.038442800284429e-09,0
0.0,3.607888743317744e-08,0
0.0,1.9854905219940377e-10,0
1.0,1.0,1
0.0,7.084503158694133e-05,0
1.0,1.0,1
1.0,0.9999935626983643,1
0.0,1.8507673615886233e-08,0
0.0,6.295041710124849e-10,0
0.0,0.03347231447696686,0
1.0,1.0,1
1.0,1.0,1
0.0,3.7968945321154024e-07,0
1.0,0.9999021291732788,1
1.0,0.9992521405220032,1
0.0,0.10220059752464294,1
1.0,0.8752957582473755,1
0.0,1.173908185592154e-05,0
1.0,0.9999189376831055,1
0.0,0.17623580992221832,1
0.0,0.00010798858420457691,0
1.0,0.9937991499900818,1
1.0,0.9998856782913208,1
1.0,0.9992200136184692,1
1.0,1.0,1
0.0,7.044553785817698e-05,0
0.0,5.515556722457404e-07,0
1.0,0.9122602343559265,1
1.0,0.999962329864502,1
0.0,2.3966953421883375e-10,0
1.0,1.0,1
0.0,3.962532559853571e-07,0
1.0,0.9999747276306152,1
1.0,0.9999735355377197,1
1.0,1.0,1
1.0,0.9999966621398926,1
1.0,0.9997867941856384,1
1.0,0.9999996423721313,1
1.0,0.9898651242256165,1
0.0,2.539345769037027e-05,0
0.0,1.2661890025356115e-07,0
1.0,0.8178185224533081,1
0.0,0.008315794169902802,0
0.0,3.138093006782583e-06,0
1.0,0.9846365451812744,1
1.0,0.9988415837287903,1
0.0,3.4794848602359707e-07,0
1.0,0.9856562614440918,1
0.0,7.25944119039923e-05,0
1.0,0.9993504881858826,1
1.0,0.9999761581420898,1
0.0,3.362281495356001e-05,0
0.0,5.882456025574356e-05,0
0.0,0.00037321183481253684,0
1.0,0.9999963045120239,1
0.0,3.1274066669695344e-10,0
1.0,1.0,1
1.0,0.9998842477798462,1
0.0,2.0025164815251628e-07,0
1.0,0.999954104423523,1
0.0,3.682740867816392e-08,0
1.0,0.9986679553985596,1
1.0,0.7959015965461731,1
0.0,0.09050270169973373,0
1.0,0.9999703168869019,1
1.0,0.9999901056289673,1
0.0,0.00034931383561342955,0
1.0,0.9387418031692505,1
0.0,6.232254729648945e-12,0
0.0,6.685389962513e-05,0
0.0,0.19464249908924103,1
0.0,3.5296914120408474e-06,0
0.0,2.621293333504582e-06,0
1.0,0.999997615814209,1
0.0,8.971347597253043e-06,0
0.0,4.519570939010009e-05,0
0.0,0.00011228065704926848,0
0.0,0.00034266631701029837,0
1.0,0.999995231628418,1
1.0,0.9998779296875,1
1.0,0.9587922096252441,1
1.0,0.9200330972671509,1
1.0,0.9982705116271973,1
1.0,0.9989185333251953,1
0.0,3.245447078370489e-05,0
1.0,0.9988827109336853,1
1.0,0.9901386499404907,1
0.0,1.0600043509612078e-08,0
1.0,0.604250431060791,1
1.0,0.992909848690033,1
0.0,9.04003684354393e-07,0
1.0,0.9995875954627991,1
1.0,0.9999988079071045,1
0.0,1.7053666692776887e-13,0
0.0,9.498914550931659e-06,0
1.0,0.9657929539680481,1
0.0,1.5301571121284496e-09,0
1.0,1.0,1
1.0,0.9984412789344788,1
1.0,0.9997538924217224,1
0.0,2.792652139760321e-06,0
1.0,0.9902196526527405,1
0.0,0.00015170444385148585,0
1.0,0.9999996423721313,1
0.0,2.0228602618310785e-17,0
0.0,0.001512006507255137,0
0.0,0.0019796655979007483,0
0.0,0.007574947085231543,0
1.0,0.9990192651748657,1
0.0,8.389868355607177e-09,0
0.0,6.976952110666901e-14,0
0.0,0.0007386744837276638,0
0.0,6.7391756237988876e-12,0
0.0,3.097239095950499e-05,0
1.0,0.9938896894454956,1
1.0,0.9999368190765381,1
0.0,0.0012330043828114867,0
1.0,0.9999901056289673,1
0.0,2.293284524057526e-06,0
0.0,2.6336142582294997e-06,0
0.0,0.0004901252104900777,0
0.0,0.0005144956521689892,0
0.0,0.00043903151527047157,0
1.0,0.8852678537368774,1
1.0,0.9921033978462219,1
0.0,0.00021298641513567418,0
1.0,0.9999685287475586,1
0.0,8.923340288902182e-09,0
1.0,0.9999874830245972,1
1.0,0.9999977350234985,1
1.0,0.9951583743095398,1
0.0,3.795971639072823e-19,0
0.0,3.6682972215373866e-09,0
0.0,6.037219009158434e-06,0
1.0,0.989464521408081,1
0.0,0.0003362019488122314,0
1.0,0.9999252557754517,1
0.0,0.002979664131999016,0
0.0,7.551934686489403e-06,0
1.0,0.9968795776367188,1
0.0,1.487173619807436e-07,0
0.0,2.1104844094566033e-08,0
1.0,0.9999998807907104,1
1.0,0.9999412298202515,1
1.0,0.9999988079071045,1
0.0,4.236111635691486e-06,0
1.0,1.0,1
0.0,3.497974479516053e-11,0
0.0,0.02105339802801609,0
0.0,0.04445972293615341,0
1.0,0.999037504196167,1
0.0,7.628040475538e-05,0
1.0,0.9986233711242676,1
0.0,1.2978638324057101e-06,0
1.0,0.9998103976249695,1
1.0,0.999992847442627,1
0.0,0.0009064594632945955,0
0.0,1.5105687225513975e-06,0
1.0,0.9988195300102234,1
0.0,4.681366340412898e-16,0
0.0,0.0005829483270645142,0
0.0,2.554604179749731e-05,0
1.0,0.999874472618103,1
1.0,0.9992805123329163,1
0.0,1.1378390634211866e-12,0
1.0,0.9999642372131348,1
0.0,4.921420259051956e-05,0
0.0,2.848836811608635e-05,0
1.0,0.9990148544311523,1
1.0,0.9983914494514465,1
1.0,0.9999996423721313,1
1.0,0.999998927116394,1
1.0,0.9999703168869019,1
1.0,0.9999879598617554,1
1.0,0.8220171928405762,1
1.0,0.9997488856315613,1
0.0,1.1657288289609348e-16,0
1.0,1.0,1
0.0,2.630250541769074e-15,0
1.0,0.9945384860038757,1
1.0,0.9901718497276306,1
0.0,9.460337935252028e-08,0
1.0,0.9934344291687012,1
1.0,0.9983038902282715,1
0.0,0.19122618436813354,0
0.0,2.8615741030080244e-05,0
1.0,0.9999990463256836,1
1.0,0.9992861151695251,1
1.0,0.9994741082191467,1
0.0,2.2004942898216917e-13,0
1.0,0.9999518394470215,1
0.0,0.00013635659706778824,0
0.0,1.1787775520133437e-06,0
1.0,1.0,1
0.0,8.122664439724758e-06,0
0.0,2.9643849757121643e-06,0
1.0,0.9998525381088257,1
0.0,0.21354904770851135,0
1.0,0.9999830722808838,1
0.0,9.175703530317492e-10,0
0.0,3.4118416980533084e-09,0
0.0,3.267003921791911e-05,0
1.0,0.9938775897026062,1
0.0,0.0002610200608614832,0
1.0,0.9299888014793396,1
1.0,0.993895947933197,1
1.0,0.9999942779541016,1
0.0,6.137822197160858e-07,0
1.0,0.9972330927848816,1
0.0,0.002078176476061344,0
1.0,0.9999994039535522,1
1.0,0.9997854828834534,1
0.0,5.9628627013808e-07,0
0.0,0.007213471457362175,0
1.0,0.9999997615814209,1
0.0,5.05937032357906e-06,0
0.0,5.59911823074799e-05,0
0.0,3.896090561283927e-08,0
1.0,0.9999520778656006,1
1.0,0.9981735944747925,1
0.0,1.9999863070552237e-05,0
0.0,6.245787517400458e-05,0
1.0,0.999974250793457,1
1.0,0.999961256980896,1
0.0,4.594141245206629e-08,0
0.0,3.83999285986647e-05,0
1.0,0.9204386472702026,1
1.0,0.9192838668823242,1
0.0,5.224786228663625e-11,0
0.0,0.016818244010210037,0
0.0,0.0023564761504530907,0
0.0,1.3386143109528348e-06,0
0.0,4.639637336367741e-05,0
0.0,1.3274649157679619e-09,0
1.0,0.9983794689178467,1
1.0,0.9996829032897949,1
0.0,2.1067991795575836e-09,0
1.0,0.9932540059089661,1
1.0,0.999823272228241,1
0.0,1.8333342666210228e-07,0
1.0,0.9107549786567688,1
0.0,1.3680520169145893e-05,0
1.0,0.9605334997177124,1
0.0,2.44060332924359e-13,0
1.0,0.9996142387390137,1
0.0,1.8176377736267568e-08,0
1.0,0.9995026588439941,1
0.0,0.006555001717060804,0
0.0,8.529963452019729e-06,0
1.0,0.9934359788894653,1
0.0,7.371123501798138e-05,0
1.0,0.9999678134918213,1
1.0,0.9705114364624023,1
1.0,0.9999808073043823,1
1.0,0.999995231628418,1
1.0,0.9999544620513916,1
0.0,8.708608487117964e-12,0
0.0,0.060591403394937515,0
1.0,0.8538391590118408,1
1.0,0.9984577894210815,1
0.0,0.1197366937994957,0
0.0,0.000674676732160151,0
0.0,1.9820586203422863e-06,0
0.0,0.0005341452779248357,0
1.0,0.9997038245201111,1
1.0,0.998013973236084,1
1.0,0.9999860525131226,1
1.0,0.9976927042007446,1
1.0,0.9811503887176514,1
0.0,3.2809298318170477e-06,0
1.0,0.999997615814209,1
1.0,0.9999490976333618,1
1.0,0.9999996423721313,1
0.0,7.593257123517105e-06,0
0.0,4.991076139049255e-07,0
1.0,0.9991335272789001,1
0.0,1.411089124303544e-05,0
1.0,0.994167685508728,1
0.0,0.00029775709845125675,0
1.0,0.9998438358306885,1
0.0,2.0507732756414043e-07,0
1.0,0.9990247488021851,1
1.0,0.8489503860473633,1
0.0,0.03359091281890869,0
1.0,0.9997660517692566,1
1.0,0.980970561504364,1
0.0,4.824967980709971e-09,0
0.0,0.0002160031726816669,0
1.0,0.9999996423721313,1
1.0,0.9998550415039062,1
1.0,0.9999462366104126,1
1.0,0.999990701675415,1
1.0,1.0,1
0.0,1.0983290849253535e-05,0
0.0,8.278141194750788e-08,0
1.0,0.9999966621398926,1
0.0,1.8820819036591274e-07,0
0.0,9.384690997649159e-07,0
1.0,0.9913184642791748,1
0.0,0.004659042228013277,0
0.0,1.2676775440922938e-05,0
0.0,3.345619337125072e-10,0
0.0,1.280920514545869e-06,0
0.0,3.1403938477447824e-11,0
0.0,1.3471142257248658e-10,0
1.0,0.999969482421875,1
1.0,0.999779999256134,1
0.0,3.2305445074598538e-06,0
1.0,0.9999940395355225,1
0.0,2.6748248798183494e-13,0
0.0,0.050892751663923264,1
1.0,1.0,1
1.0,0.9997209906578064,1
0.0,1.8453993106959388e-05,0
1.0,0.983649492263794,1
1.0,0.9999990463256836,1
1.0,0.9999315738677979,1
1.0,1.0,1
1.0,0.999996542930603,1
0.0,2.6966932864525006e-07,0
1.0,0.9111982583999634,1
0.0,1.5549614373888687e-10,0
0.0,3.697204647323815e-06,0
1.0,0.5069316625595093,1
1.0,0.9948478937149048,1
0.0,0.016971636563539505,0
0.0,0.46761268377304077,1
0.0,5.750782605673521e-08,0
1.0,0.9999991655349731,1
1.0,0.993536114692688,1
1.0,0.9946231842041016,1
0.0,7.649811095689074e-08,0
1.0,0.9999423027038574,1
1.0,0.9999104738235474,1
1.0,0.9993525147438049,1
0.0,0.0011994517408311367,0
1.0,0.8885011076927185,1
1.0,0.9995419979095459,1
1.0,1.0,1
0.0,3.319827257541874e-08,0
1.0,0.9999992847442627,1
0.0,6.497151480289176e-05,0
0.0,7.654331420781091e-05,0
0.0,1.0947075190781419e-10,0
0.0,4.0802760850056075e-06,0
1.0,0.991127073764801,1
1.0,0.996364414691925,1
1.0,0.9999997615814209,1
1.0,0.9999997615814209,1
1.0,0.9992421865463257,1
1.0,0.9998816251754761,1
1.0,0.9999662637710571,1
1.0,0.967740535736084,1
0.0,0.057671379297971725,0
1.0,0.9736995100975037,1
0.0,0.37456029653549194,1
0.0,8.350546920610213e-09,0
1.0,0.9999735355377197,1
1.0,0.9999035596847534,1
1.0,0.9633286595344543,1
0.0,2.13746730537423e-07,0
1.0,0.9998390674591064,1
1.0,0.997010350227356,1
1.0,0.9999557733535767,1
0.0,4.0987401916936506e-07,0
0.0,2.540623142976983e-07,0
1.0,0.9999933242797852,1
1.0,0.9869705438613892,1
1.0,0.9996565580368042,1
1.0,0.9999947547912598,1
1.0,0.9991326928138733,1
1.0,0.9985116124153137,1
0.0,4.765811922879948e-07,0
0.0,2.084713770500457e-07,0
1.0,0.9614219069480896,1
0.0,5.478751675426496e-13,0
0.0,2.770343883184978e-07,0
0.0,4.122666723560542e-05,0
0.0,8.970029739430174e-06,0
1.0,0.999998927116394,1
1.0,0.9507066011428833,1
1.0,0.8781905770301819,1
1.0,0.9999998807907104,1
1.0,0.92750483751297,1
1.0,0.9997528195381165,1
0.0,0.00291173392906785,0
1.0,0.9959262609481812,1
0.0,2.5831236598605756e-06,0
1.0,0.5327028632164001,1
0.0,7.09268861101009e-05,0
1.0,0.9938344955444336,1
1.0,0.9451696872711182,1
0.0,1.230184931699796e-08,0
1.0,0.9977503418922424,1
1.0,0.9999808073043823,1
1.0,0.9692275524139404,1
1.0,0.8280619382858276,0
1.0,0.999601423740387,1
1.0,0.9998300075531006,1
0.0,3.982075213571079e-05,0
1.0,0.9953783750534058,1
0.0,0.1643635779619217,1
0.0,0.023684576153755188,0
1.0,0.9996516704559326,1
0.0,4.3940763134742156e-05,0
1.0,0.9993115663528442,1
0.0,1.6046620658016764e-05,0
0.0,0.010577048175036907,0
1.0,0.9980663657188416,1
1.0,0.999864935874939,1
0.0,0.0002325051900697872,0
1.0,0.9965246319770813,1
1.0,0.8621666431427002,1
0.0,5.630983235249687e-09,0
1.0,0.8446569442749023,1
0.0,1.944905818618281e-07,0
0.0,1.0820717152165704e-13,0
1.0,0.9997082352638245,1
0.0,1.9007035234608338e-06,0
0.0,2.0978422554662757e-08,0
1.0,0.9647747278213501,1
0.0,1.070162625183002e-06,0
0.0,0.00010386293433839455,0
1.0,0.9999878406524658,1
1.0,0.9191855788230896,1
1.0,0.9999983310699463,1
1.0,0.9594584703445435,1
0.0,8.221130701713264e-05,0
1.0,0.9999940395355225,1
0.0,8.543235563429619e-11,0
0.0,2.7097535370071424e-13,0
0.0,0.0019113916205242276,0
1.0,0.9492015838623047,1
1.0,0.995945155620575,1
1.0,0.999988317489624,1
0.0,7.31952823116444e-05,0
0.0,0.00112762616481632,0
0.0,8.373998753086198e-06,0
1.0,0.9999983310699463,1
1.0,1.0,1
0.0,0.0014417801285162568,0
1.0,0.9999942779541016,1
0.0,0.00020451821910683066,0
0.0,1.2069190233887639e-06,0
1.0,0.9999998807907104,1
0.0,5.309644848239259e-07,0
1.0,0.9999336004257202,1
1.0,0.9999277591705322,1
0.0,1.7729031469571055e-06,0
1.0,0.9998088479042053,1
0.0,2.000226595555432e-05,0
1.0,0.9999986886978149,1
0.0,0.046190764755010605,0
1.0,0.9999921321868896,1
1.0,0.9999834299087524,1
1.0,0.9998109936714172,1
1.0,0.9979957342147827,1
0.0,0.0004555349296424538,0
0.0,9.244450183132358e-08,0
1.0,0.9999998807907104,1
1.0,0.9993088245391846,1
1.0,0.9689642190933228,1
1.0,0.821591854095459,1
0.0,4.813462055608397e-07,0
0.0,2.335295368541268e-12,0
0.0,8.857952593643859e-09,0
0.0,0.0009294167975895107,0
1.0,0.9558242559432983,1
1.0,1.0,1
1.0,0.9981377124786377,1
1.0,0.9999039173126221,1
1.0,0.9999871253967285,1
1.0,0.998388409614563,1
1.0,0.9943852424621582,1
0.0,6.300669497250055e-08,0
1.0,0.6959207653999329,1
1.0,0.9970661997795105,1
0.0,0.0003989814140368253,0
0.0,4.681366340412898e-16,0
1.0,0.9872336387634277,1
1.0,0.9998733997344971,1
1.0,0.9988852143287659,1
0.0,1.6961678284133086e-08,0
0.0,0.003217349760234356,1
0.0,0.020052600651979446,0
1.0,0.9999992847442627,1
1.0,0.999997615814209,1
1.0,0.9577070474624634,1
0.0,1.94657195606851e-06,0
0.0,3.8361778820217296e-07,0
1.0,0.9896457195281982,1
1.0,0.8817753791809082,1
0.0,4.7077193698896735e-07,0
1.0,0.9999783039093018,1
1.0,0.9999902248382568,1
1.0,0.6366896629333496,1
1.0,0.9994668364524841,1
1.0,0.9999372959136963,1
0.0,5.293848914789123e-08,0
1.0,0.9999728202819824,1
0.0,6.040923494765593e-08,0
1.0,0.9999731779098511,1
0.0,1.1912449693340932e-08,0
1.0,0.9998838901519775,1
1.0,0.9999892711639404,1
0.0,3.5348815430324976e-08,0
1.0,0.99958735704422,1
0.0,4.237806194851146e-08,0
1.0,0.9981305003166199,1
1.0,0.9999897480010986,1
0.0,5.839246187272495e-13,0
1.0,0.9999302625656128,1
0.0,0.017757736146450043,0
1.0,0.9991267323493958,1
1.0,0.9987679123878479,1
1.0,0.9999936819076538,1
1.0,0.9964718818664551,1
1.0,0.9845181107521057,1
0.0,0.04212207347154617,0
0.0,0.004903051070868969,0
1.0,0.998759388923645,1
0.0,4.0218037788974925e-09,0
0.0,1.7237603969988413e-05,0
1.0,0.9740492105484009,1
1.0,0.9134480357170105,1
1.0,0.9999969005584717,1
1.0,0.9999992847442627,1
1.0,0.9965433478355408,1
1.0,0.9248048663139343,1
1.0,0.9945947527885437,1
0.0,4.1925543592391534e-10,0
0.0,0.017227092757821083,1
1.0,0.9999914169311523,1
1.0,0.9999911785125732,1
1.0,0.9999247789382935,1
0.0,0.0013909823028370738,0
0.0,0.03494132682681084,0
1.0,0.9999929666519165,1
1.0,0.9997839331626892,1
1.0,0.6019626259803772,1
1.0,0.9998577833175659,1
1.0,0.9998244643211365,1
1.0,0.9999998807907104,1
1.0,0.9999998807907104,1
0.0,0.002025141380727291,0
1.0,0.9500994086265564,1
1.0,0.914125919342041,1
0.0,0.07939387112855911,0
1.0,0.9973527193069458,1
1.0,0.9953285455703735,1
1.0,0.9955019354820251,1
0.0,2.529678984749341e-16,0
1.0,0.575110912322998,1
0.0,1.0594954602538564e-07,0
0.0,0.0002968248736578971,0
0.0,2.457582377246581e-05,0
0.0,4.082253326487262e-06,0
1.0,0.9999654293060303,1
0.0,1.3275335732032545e-05,0
0.0,6.8699637267855e-07,0
1.0,0.999994158744812,1
0.0,5.478751675426496e-13,0
1.0,0.979219913482666,1
1.0,0.9999905824661255,1
0.0,0.040533751249313354,0
0.0,0.0008322630310431123,0
0.0,1.7156797094131093e-09,0
1.0,0.9530322551727295,1
0.0,0.0016979074571281672,0
1.0,0.9999998807907104,1
0.0,1.5038410794421253e-10,0
1.0,0.9999516010284424,1
1.0,0.989441990852356,1
0.0,2.520442649256438e-05,0
1.0,0.9921220541000366,1
1.0,0.9999649524688721,1
1.0,0.9993447661399841,1
0.0,2.022834590803546e-12,0
0.0,0.00017476099310442805,0
1.0,0.9980334639549255,1
0.0,7.885011541475251e-07,0
0.0,7.035383168840781e-05,0
1.0,0.9942933917045593,1
1.0,0.9985634684562683,1
0.0,1.5020091268524993e-05,0
0.0,7.30210444999102e-07,0
0.0,0.0005183523753657937,0
1.0,0.9974009990692139,1
0.0,1.6582831108280516e-08,0
1.0,0.9983774423599243,1
1.0,0.999664306640625,1
0.0,2.7645876343740383e-07,0
1.0,0.9997356534004211,1
0.0,4.4330921156188197e-08,0
1.0,0.999962329864502,1
0.0,2.693091971650574e-08,0
0.0,0.00026205237372778356,0
0.0,0.0007247242028824985,0
1.0,0.9983901977539062,1
0.0,4.4224210404841813e-10,0
0.0,0.0002349169080844149,0
0.0,1.3129694309554907e-07,0
0.0,6.300669497250055e-08,0
0.0,1.026526064151767e-07,0
0.0,3.6743455500420907e-10,0
0.0,4.988852197129745e-06,0
1.0,0.9998143315315247,1
1.0,0.9934764504432678,1
0.0,5.477199920278508e-06,0
1.0,0.9999997615814209,1
0.0,6.432461532313027e-07,0
1.0,0.981363832950592,1
0.0,0.4028021991252899,1
0.0,3.770434432226466e-06,0
1.0,0.998324453830719,1
0.0,0.010251972824335098,0
1.0,0.9920786023139954,1
1.0,0.9999998807907104,1
1.0,0.9998525381088257,1
0.0,0.03999200090765953,0
1.0,0.9999933242797852,1
1.0,0.9987202882766724,1
0.0,1.8414993974147364e-08,0
0.0,0.003998775500804186,1
1.0,0.99960857629776,1
0.0,8.334672747878358e-05,0
0.0,0.0015545482747256756,0
0.0,4.165179780102335e-05,0
1.0,0.9790701866149902,1
1.0,0.9317895770072937,1
0.0,0.00047790101962164044,0
0.0,3.574849188225926e-06,0
0.0,1.0658467441970743e-09,0
0.0,0.0004769762163050473,0
0.0,0.0005509549519047141,0
1.0,0.9993124008178711,1
0.0,0.0010453476570546627,0
1.0,0.996925413608551,1
1.0,0.9685097932815552,1
1.0,0.9852679967880249,1
0.0,6.329976542929217e-08,0
0.0,8.000862992962876e-12,0
0.0,1.813842345654848e-06,0
0.0,4.323607936385088e-05,0
0.0,7.024723203130634e-08,0
0.0,1.4523908475894132e-07,0
1.0,0.9999964237213135,1
1.0,0.9999918937683105,1
0.0,2.092907834594371e-06,0
1.0,0.9987035989761353,1
0.0,5.5421132856281474e-05,0
1.0,0.8722883462905884,1
1.0,0.9999927282333374,1
0.0,0.42961281538009644,1
0.0,0.0030121428426355124,0
1.0,0.9220216274261475,1
0.0,1.5592039378370393e-12,0
1.0,0.9976033568382263,1
1.0,0.985371470451355,1
1.0,0.9919054508209229,1
1.0,0.9880684018135071,1
1.0,0.9973824620246887,1
1.0,0.9998853206634521,1
0.0,4.3625694723381514e-10,0
1.0,0.999955415725708,1
1.0,0.9999994039535522,1
1.0,0.9921497106552124,1
0.0,3.3975530722152314e-10,0
1.0,0.9995816349983215,1
1.0,0.999946117401123,1
0.0,3.288242211851866e-08,0
1.0,0.9742934107780457,1
0.0,9.421457320968329e-07,0
0.0,1.5145243196457159e-05,0
0.0,5.562621030463788e-09,0
0.0,6.117821360618336e-09,0
0.0,0.00027321401285007596,0
1.0,0.5316357612609863,1
0.0,2.6784979922922503e-07,0
0.0,0.00042271215352229774,0
1.0,0.9994762539863586,1
0.0,0.00016812162357382476,0
1.0,0.9991459846496582,1
1.0,0.9989818930625916,1
0.0,1.0629668167894124e-07,0
1.0,0.8570661544799805,1
0.0,0.0003698189102578908,0
1.0,0.994961142539978,1
1.0,0.9831798076629639,1
0.0,1.943919232871849e-05,0
0.0,9.174618842422433e-10,0
0.0,0.3522258996963501,1
1.0,0.999982476234436,1
0.0,0.00012752439943142235,0
1.0,0.9999994039535522,1
0.0,4.401528713060543e-05,0
0.0,0.00041689546196721494,0
0.0,3.302343247924e-05,0
0.0,1.7942312674663896e-13,0
1.0,0.9999921321868896,1
1.0,0.8538760542869568,1
1.0,0.9999986886978149,1
1.0,0.9997653365135193,1
1.0,0.9999974966049194,1
0.0,4.453223345635138e-10,0
0.0,4.327280748839257e-06,0
0.0,1.4396672298744306e-08,0
0.0,6.0382066294550896e-05,0
0.0,1.4358654510607943e-13,0
1.0,0.9997902512550354,1
1.0,0.9967712759971619,1
1.0,0.9961996674537659,1
1.0,0.9999186992645264,1
1.0,0.957477867603302,1
1.0,0.9968519806861877,1
1.0,0.9999997615814209,1
1.0,0.9999972581863403,1
1.0,0.9997875094413757,1
1.0,0.99967360496521,1
1.0,0.9987701773643494,1
1.0,0.9485255479812622,1
0.0,2.707596422624192e-07,0
1.0,1.0,1
0.0,5.225997938396176e-06,0
1.0,0.9999722242355347,1
1.0,0.9997455477714539,1
1.0,0.9994223117828369,1
0.0,2.994639425324408e-09,0
1.0,0.9999810457229614,1
0.0,0.000674676732160151,0
0.0,7.362530595855787e-06,0
1.0,0.9965609908103943,1
0.0,0.00023139698896557093,0
0.0,0.0068875630386173725,0
0.0,1.2589009834584886e-09,0
1.0,0.9998005032539368,1
0.0,0.033263541758060455,1
1.0,0.9995276927947998,1
1.0,0.9999979734420776,1
0.0,0.0007127774297259748,0
1.0,0.9999891519546509,1
0.0,0.00023838414927013218,0
0.0,7.810998795321211e-06,0
0.0,0.00022541377984452993,0
0.0,0.0022890912368893623,0
1.0,0.9832696914672852,1
1.0,0.6810293793678284,1
0.0,4.046532637858036e-07,0
0.0,6.219714805411058e-07,0
0.0,0.01347461249679327,0
1.0,0.9980048537254333,1
1.0,0.8286705613136292,1
1.0,0.9999984502792358,1
0.0,2.976709401991684e-05,0
0.0,1.15021612026589e-11,0
1.0,0.9999967813491821,1
0.0,0.019602520391345024,0
1.0,0.9999243021011353,1
1.0,0.997041642665863,1
0.0,3.4118416980533084e-09,0
0.0,7.824416808910328e-11,0
0.0,0.00012938494910486042,0
1.0,0.9679306745529175,1
1.0,0.9812089204788208,1
0.0,1.1773487975082837e-15,0
1.0,0.9996342658996582,1
0.0,1.2239756763676723e-08,0
1.0,0.9998421669006348,1
0.0,7.661349081899971e-05,0
1.0,0.9999479055404663,1
0.0,4.758377880240816e-21,0
1.0,0.9590892791748047,1
0.0,4.436003564478597e-06,0
1.0,0.999991774559021,1
1.0,0.9998247027397156,1
1.0,0.9995484948158264,1
0.0,3.7734018860646756e-06,0
0.0,0.0009150163386948407,0
1.0,0.9997337460517883,1
1.0,0.9999986886978149,1
0.0,0.001934596337378025,0
0.0,3.397052978471038e-06,0
0.0,1.9851345314236823e-06,0
0.0,3.015363290614914e-06,0
1.0,0.9901216626167297,1
1.0,0.9987503290176392,1
0.0,1.3570124792749994e-05,0
0.0,4.6196498715289636e-07,0
1.0,0.9975370168685913,1
1.0,0.9999985694885254,1
0.0,0.001955996500328183,0
0.0,3.10328250634484e-05,0
1.0,1.0,1
0.0,0.1312863528728485,0
0.0,6.120055850988848e-11,0
0.0,6.329976542929217e-08,0
0.0,4.5780072355228185e-07,0
0.0,5.4087599892227445e-06,0
0.0,2.2695508050674107e-07,0
0.0,1.7831789591582492e-06,0
1.0,0.9999958276748657,1
1.0,0.9948339462280273,1
0.0,0.009748929180204868,0
0.0,4.3723453302391135e-08,0
1.0,0.9999973773956299,1
0.0,6.29343901437096e-08,0
1.0,1.0,1
0.0,9.397894729090694e-08,0
1.0,0.9965775609016418,1
0.0,6.559243047377095e-05,0
1.0,0.9953835606575012,1
1.0,0.9523370862007141,1
1.0,0.9998407363891602,1
0.0,6.604767986573279e-05,0
1.0,0.999319314956665,1
1.0,0.9999997615814209,1
1.0,0.9996248483657837,1
1.0,1.0,1
0.0,0.03171597421169281,1
0.0,6.477850547526032e-05,0
0.0,4.248862239819573e-07,0
0.0,1.595595122694249e-08,0
1.0,0.9992122650146484,1
0.0,5.218904735454499e-13,0
1.0,0.9998263716697693,1
1.0,0.9997805953025818,1
0.0,0.0001811937108868733,0
1.0,0.5645882487297058,1
0.0,9.165985659365106e-08,0
0.0,0.0009430610807612538,0
0.0,0.00024461362045258284,0
1.0,0.9979098439216614,1
0.0,1.5081397464200563e-08,0
0.0,2.1033085886301706e-06,0
0.0,4.338948400572917e-08,0
1.0,1.0,1
0.0,6.321370165096596e-05,0
1.0,0.9983447790145874,1
1.0,0.9785491824150085,1
1.0,0.9814761281013489,1
1.0,0.998347282409668,1
0.0,4.2552531454020937e-07,0
0.0,5.084777149022557e-05,0
0.0,6.215099710971117e-05,0
1.0,0.9998168349266052,1
1.0,0.9999915361404419,1
1.0,0.7423363327980042,1
0.0,2.4563702183399982e-09,0
0.0,2.333872316739871e-06,0
0.0,3.2137238576979144e-06,0
0.0,6.611242042708909e-07,0
1.0,1.0,1
1.0,0.9917757511138916,1
1.0,1.0,1
1.0,0.6580532193183899,1
1.0,0.9753928780555725,1
1.0,0.9845476746559143,1
0.0,8.979682775134279e-09,0
1.0,0.5685457587242126,0
0.0,1.4219608601706568e-06,0
1.0,0.980927586555481,1
1.0,0.9995743632316589,1
0.0,9.053858107677115e-09,0
0.0,1.3640148608828895e-05,0
1.0,0.9945266842842102,1
1.0,0.9983689188957214,1
1.0,0.9999051094055176,1
1.0,0.9998855590820312,1
0.0,0.002143255202099681,0
1.0,0.9649164080619812,1
0.0,3.9692680729785934e-05,0
0.0,8.69428549776785e-06,0
0.0,3.6732533317263005e-06,0
1.0,0.9999469518661499,1
0.0,3.500498860375956e-05,0
1.0,0.9996132254600525,1
1.0,0.9447683691978455,1
0.0,5.282952741936242e-09,0
0.0,0.0004107917775399983,0
1.0,0.9998651742935181,1
1.0,0.9998996257781982,1
0.0,1.2624061518362595e-10,0
1.0,0.9996337890625,1
0.0,0.013793542049825191,0
0.0,9.958760529116262e-06,0
1.0,0.9999992847442627,1
0.0,3.289037042719656e-09,0
1.0,0.9689720273017883,1
1.0,0.9999326467514038,1
0.0,4.018440051822836e-07,0
0.0,0.0007384203490801156,0
1.0,0.9770045280456543,1
0.0,1.8505313903460774e-07,0
0.0,2.4997199943754822e-05,0
1.0,0.9979752898216248,1
0.0,1.6950457037978595e-08,0
0.0,1.8222172002424486e-05,0
0.0,7.899229967733845e-05,0
1.0,0.9999822378158569,1
1.0,0.9997990727424622,1
0.0,3.3998003345914185e-07,0
1.0,0.9999903440475464,1
1.0,0.9967161417007446,1
1.0,0.9998465776443481,1
0.0,1.0296528074604794e-09,0
1.0,0.999995231628418,1
1.0,0.9999924898147583,1
1.0,0.9813787937164307,1
1.0,1.0,1
1.0,0.9993908405303955,1
0.0,1.0600533073557017e-07,0
1.0,0.9998670816421509,1
0.0,4.584968337439932e-06,0
1.0,0.9990954399108887,1
0.0,0.006818281952291727,0
1.0,0.9999929666519165,1
1.0,0.9994626641273499,1
1.0,0.893349289894104,1
0.0,5.519629553418781e-07,0
1.0,0.9252294898033142,1
0.0,0.0032552657648921013,0
1.0,0.9962314963340759,1
1.0,0.9997764229774475,1
1.0,0.990500271320343,1
1.0,0.9978265166282654,1
0.0,0.011294621974229813,0
1.0,0.9996638298034668,1
1.0,0.9999738931655884,1
1.0,0.5577781796455383,1
0.0,2.2990413981460733e-06,0
1.0,0.9999786615371704,1
0.0,0.0016941563226282597,0
0.0,3.849705080938293e-06,0
0.0,0.14017421007156372,1
0.0,5.8702889873529784e-06,0
0.0,9.66928419074975e-05,0
1.0,0.999233603477478,1
0.0,1.2095514589915979e-09,0
0.0,0.0007367748767137527,0
1.0,0.9999973773956299,1
1.0,0.999923586845398,1
0.0,1.1063009397460632e-09,0
1.0,0.9999998807907104,1
1.0,0.9980009198188782,1
1.0,0.9999998807907104,1
0.0,3.1690567993791774e-05,0
1.0,0.9997023940086365,1
1.0,0.9983338713645935,1
1.0,0.9999985694885254,1
1.0,0.9999942779541016,1
0.0,4.284913302399218e-06,0
1.0,0.999599039554596,1
1.0,0.9844235777854919,1
0.0,0.3919154405593872,1
1.0,0.9996035695075989,1
0.0,1.3544894983397171e-08,0
0.0,3.105688666307782e-12,0
0.0,0.0005135471583344042,0
1.0,0.9538637399673462,1
1.0,0.9999620914459229,1
0.0,0.00026640473515726626,0
1.0,0.9993515610694885,1
1.0,0.9922004342079163,1
0.0,0.17557014524936676,1
1.0,0.9998225569725037,1
1.0,0.9983957409858704,1
1.0,0.9999992847442627,1
1.0,0.673312246799469,1
1.0,0.9886536002159119,1
0.0,2.3600457552674925e-06,0
1.0,0.825398862361908,0
0.0,0.00013271048374008387,0
1.0,0.9999997615814209,1
1.0,0.7869367003440857,1
1.0,0.6171616911888123,1
0.0,0.0007076032343320549,0
1.0,0.9715901017189026,1
0.0,2.0145878920629912e-07,0
1.0,0.9842690229415894,1
1.0,0.9932438731193542,1
1.0,0.9994981288909912,1
0.0,1.2874411758900806e-08,0
1.0,0.998618483543396,1
0.0,3.5762184880105963e-10,0
1.0,0.9992914199829102,1
1.0,0.9999998807907104,1
0.0,3.881527277371788e-07,0
1.0,0.999998927116394,1
0.0,4.5507440518122166e-05,0
0.0,2.0461229723878205e-06,0
0.0,1.0325086805096362e-05,0
0.0,1.4750980881217401e-07,0
0.0,4.201235981327045e-08,0
1.0,0.9999936819076538,1
1.0,0.9998112320899963,1
1.0,0.9999475479125977,1
1.0,0.9999899864196777,1
0.0,4.699131386587396e-05,0
1.0,0.9720162153244019,1
1.0,1.0,1
1.0,0.9999916553497314,1
0.0,1.6585337270225153e-11,0
1.0,1.0,1
1.0,0.9999996423721313,1
1.0,0.9999921321868896,1
1.0,0.9755632877349854,1
1.0,0.9998737573623657,1
0.0,5.521261527974275e-07,0
1.0,0.9999959468841553,1
0.0,8.389868355607177e-09,0
0.0,5.573014827398026e-10,0
0.0,0.017761671915650368,0
1.0,0.999954342842102,1
0.0,1.0482024208613439e-06,0
1.0,0.9999083280563354,1
1.0,0.9946320056915283,1
0.0,0.00011709653335856274,0
0.0,0.00095929711824283,0
0.0,2.872651561069972e-10,0
0.0,1.2526833188530873e-06,0
1.0,0.9998703002929688,1
0.0,0.05265207588672638,0
0.0,1.9999863070552237e-05,0
0.0,0.39108601212501526,1
0.0,4.4795427811550326e-07,0
0.0,0.0005144956521689892,0
1.0,0.9855738282203674,1
1.0,0.9989286065101624,1
1.0,0.6610637307167053,1
0.0,1.0193956789805725e-09,0
1.0,0.999685525894165,1
1.0,0.9884346723556519,1
1.0,0.9766979813575745,1
0.0,6.730294262524694e-05,0
1.0,0.999929666519165,1
1.0,0.9999897480010986,1
0.0,2.6124014766537584e-05,0
1.0,0.9996665716171265,1
1.0,0.9930182695388794,1
0.0,9.052632421457929e-09,0
0.0,3.785506574871533e-09,0
0.0,0.008469595573842525,0
1.0,0.9995033740997314,1
1.0,0.9960241317749023,1
0.0,0.08582884818315506,0
1.0,0.9939536452293396,1
1.0,0.9999922513961792,1
1.0,0.9999897480010986,1
1.0,0.999991774559021,1
0.0,2.414323535049334e-05,0
0.0,7.478264052451777e-08,0
0.0,0.0016706539317965508,0
1.0,0.887363076210022,1
0.0,6.438010125009441e-10,0
0.0,6.89041542045743e-07,0
0.0,0.020670706406235695,0
1.0,0.7198531031608582,1
1.0,0.9997499585151672,1
0.0,4.596349967300739e-08,0
0.0,1.8642707278089532e-14,0
0.0,1.1398891786029708e-07,0
1.0,0.9999086856842041,1
1.0,0.997305154800415,1
1.0,0.9935827851295471,1
1.0,0.9875735640525818,1
1.0,0.9999984502792358,1
1.0,0.9961263537406921,1
1.0,1.0,1
0.0,0.0010883843060582876,0
1.0,0.9387162923812866,1
1.0,1.0,1
0.0,0.00012885479372926056,0
0.0,4.72338751933421e-06,0
0.0,0.023591605946421623,1
0.0,1.4029851058694476e-07,0
1.0,0.9997838139533997,1
1.0,0.9999997615814209,1
1.0,0.9362677335739136,1
1.0,0.999990701675415,1
1.0,1.0,1
1.0,0.9997339844703674,1
0.0,4.6605306419644776e-11,0
1.0,0.9997701048851013,1
1.0,0.9999793767929077,1
0.0,2.5637396205979712e-08,0
1.0,0.9999697208404541,1
1.0,0.9999451637268066,1
0.0,2.3020229491521604e-06,0
0.0,1.857332563304226e-06,0
0.0,1.041858126882289e-06,0
1.0,0.990757167339325,1
1.0,0.970246434211731,1
1.0,0.9718003869056702,1
1.0,0.9927423000335693,1
0.0,0.00014218216529116035,0
0.0,0.00047226654714904726,0
1.0,0.9999997615814209,1
1.0,0.9999911785125732,1
0.0,4.262898714579855e-11,0
1.0,0.9995303153991699,1
1.0,0.9999843835830688,1
0.0,0.003828758839517832,0
0.0,6.217855116119608e-05,0
0.0,8.459676791972015e-06,0
1.0,0.9999982118606567,1
0.0,1.0817401516760583e-06,0
1.0,0.9998819828033447,1
0.0,5.9602639339573216e-06,0
0.0,8.081911801127717e-06,0
1.0,0.9981114864349365,1
1.0,1.0,1
1.0,0.9951392412185669,1
0.0,0.013667643070220947,0
1.0,0.9843025207519531,1
1.0,0.9999768733978271,1
1.0,0.9519729018211365,1
0.0,5.484063425598151e-09,0
1.0,0.9999836683273315,1
0.0,0.001230965368449688,0
1.0,0.9999995231628418,1
0.0,1.0854461834242102e-05,0
1.0,0.999924898147583,1
1.0,0.7103338241577148,0
0.0,0.0008140435675159097,0
0.0,2.0123118449344446e-10,0
1.0,0.9999964237213135,1
1.0,0.9738054871559143,1
0.0,0.09985051304101944,0
0.0,4.863545655098278e-08,0
1.0,0.9272235631942749,1
1.0,0.9331873059272766,1
0.0,0.0022039664909243584,0
0.0,0.00021880022541154176,0
1.0,0.9981557726860046,1
1.0,0.9999920129776001,1
0.0,0.09957629442214966,1
1.0,0.9378588199615479,1
1.0,0.9999610185623169,1
1.0,0.9999929666519165,1
0.0,2.5241830371669494e-05,0
0.0,0.0002063016581814736,0
1.0,0.9870138764381409,1
0.0,9.03331510926364e-06,0
0.0,0.008056990802288055,0
0.0,6.702987775497604e-06,0
0.0,0.0004141283279750496,0
0.0,1.9927191008406453e-09,0
0.0,4.1925543592391534e-10,0
0.0,3.657844445115188e-06,0
1.0,0.9983224272727966,1
0.0,0.000616519246250391,0
1.0,0.9999358654022217,1
1.0,0.9923856258392334,1
0.0,9.460323781240731e-05,0
0.0,1.1184569763400543e-11,0
1.0,0.9927219748497009,1
0.0,1.9410941831665696e-07,0
1.0,0.8752332925796509,1
1.0,0.9977861642837524,1
1.0,0.9239456653594971,1
0.0,8.44421155221653e-09,0
1.0,0.9978454113006592,1
1.0,0.9997873902320862,1
1.0,0.9998979568481445,1
0.0,9.21475538966576e-15,0
1.0,0.9583552479743958,1
1.0,0.9237829446792603,1
0.0,8.971347597253043e-06,0
1.0,0.9992184638977051,1
1.0,0.9998419284820557,1
0.0,7.683640887989895e-07,0
0.0,5.420732439309628e-12,0
0.0,1.857332563304226e-06,0
0.0,0.001138089457526803,0
0.0,7.983187060744967e-06,0
1.0,0.9999834299087524,1
0.0,2.3960762263186552e-08,0
1.0,0.9930572509765625,1
0.0,0.0005635982961393893,0
0.0,0.0008182789315469563,0
0.0,0.0004225510056130588,0
1.0,0.9999008178710938,1
0.0,0.0001380774046992883,0
0.0,0.183430016040802,0
0.0,1.982875160995521e-14,0
0.0,0.1622360199689865,0
1.0,0.9999951124191284,1
1.0,0.976047933101654,1
1.0,0.9927456974983215,1
0.0,2.301735003129579e-05,0
0.0,4.696528412750922e-05,0
0.0,0.17044514417648315,1
1.0,0.9999960660934448,1
0.0,2.9238407250886667e-09,0
1.0,0.5159853100776672,1
0.0,1.1789299536602016e-09,0
0.0,5.511844278771605e-07,0
0.0,1.9559371483568455e-12,0
1.0,0.9994990825653076,1
0.0,2.4107988792820834e-05,0
1.0,0.9998489618301392,1
0.0,1.4035874755791156e-06,0
0.0,4.825752512260806e-06,0
1.0,0.9998503923416138,1
1.0,0.998961329460144,1
1.0,0.999543309211731,1
0.0,3.0240084925026167e-06,0
1.0,0.999925971031189,1
1.0,0.9999583959579468,1
0.0,8.518515670630222e-08,0
1.0,0.99835205078125,1
1.0,0.9949004054069519,1
0.0,4.9971633416134864e-05,0
1.0,0.9999850988388062,1
0.0,7.769244275701581e-11,0
1.0,0.9990224838256836,1
0.0,2.02337192140023e-11,0
0.0,0.0003796821692958474,0
1.0,0.9999892711639404,1
1.0,0.9923559427261353,1
1.0,0.9999532699584961,1
1.0,0.9998563528060913,1
0.0,1.4664060188351868e-07,0
1.0,0.9884650707244873,1
0.0,0.08930366486310959,0
1.0,0.7972868084907532,0
1.0,0.9999998807907104,1
1.0,0.9848494529724121,1
1.0,0.9983716607093811,1
0.0,3.0813703233434353e-06,0
0.0,7.942027878016233e-06,0
1.0,0.9999998807907104,1
1.0,0.9998898506164551,1
0.0,0.0003213189193047583,0
1.0,0.9999973773956299,1
0.0,7.375693530775607e-05,0
0.0,6.376162104970717e-07,0
0.0,0.00022605749836657196,0
1.0,0.9999384880065918,1
1.0,0.9896368384361267,1
1.0,0.9999926090240479,1
0.0,5.0705511966953054e-05,0
0.0,1.4343409793227124e-09,0
0.0,0.04555780068039894,0
0.0,3.748957340121706e-07,0
0.0,2.370489221581451e-11,0
0.0,0.006687584798783064,1
0.0,0.00026140830595977604,0
1.0,0.9998669624328613,1
0.0,4.618671764489157e-12,0
1.0,0.9919982552528381,1
0.0,0.0035452733281999826,0
0.0,0.0004168775922153145,0
1.0,1.0,1
1.0,0.9999759197235107,1
1.0,0.9999920129776001,1
0.0,2.157510436973098e-08,0
1.0,0.9581238627433777,1
0.0,1.9777799025177956e-05,0
1.0,0.9906604886054993,1
1.0,0.7110331058502197,1
0.0,1.931621227413416e-05,0
1.0,0.8736270666122437,1
0.0,3.760975232580677e-05,0
1.0,0.6273850798606873,1
0.0,0.0007367748767137527,0
1.0,1.0,1
1.0,0.9866493344306946,1
0.0,0.0014195679686963558,0
0.0,8.818729838822037e-05,0
1.0,0.9999985694885254,1
0.0,4.639637336367741e-05,0
0.0,5.524605148821138e-05,0
0.0,1.378104474980546e-08,0
1.0,0.9999895095825195,1
1.0,0.9999997615814209,1
1.0,1.0,1
0.0,1.6453772332170047e-05,0
1.0,0.999981164932251,1
0.0,0.00011845405970234424,0
0.0,1.3267158465168905e-06,0
1.0,0.7984588742256165,0
1.0,0.9999992847442627,1
1.0,0.9993762373924255,1
0.0,7.778018584758684e-08,0
1.0,0.9716468453407288,1
1.0,0.9923304319381714,1
0.0,5.086491455585929e-06,0
0.0,1.9511945481553994e-07,0
1.0,0.9980514049530029,1
1.0,0.9999960660934448,1
1.0,0.9950416684150696,1
1.0,0.9999996423721313,1
1.0,0.989155113697052,1
1.0,0.999879002571106,1
1.0,0.9999988079071045,1
1.0,0.9999828338623047,1
0.0,4.62327734567225e-05,0
1.0,0.9999970197677612,1
1.0,0.9999988079071045,1
0.0,0.005883491598069668,1
1.0,0.9999946355819702,1
1.0,0.9110791087150574,1
1.0,0.999976396560669,1
0.0,2.273354941795258e-11,0
1.0,0.9937183856964111,1
1.0,0.9999576807022095,1
1.0,0.9999891519546509,1
0.0,3.6253179587220075e-06,0
1.0,0.9998561143875122,1
1.0,0.9996174573898315,1
0.0,0.00115336780436337,0
1.0,0.9979878664016724,1
1.0,0.9996820688247681,1
1.0,0.9996322393417358,1
1.0,0.9999595880508423,1
0.0,1.254953986062901e-06,0
1.0,0.9999849796295166,1
1.0,0.9999781847000122,1
1.0,0.9942647814750671,1
0.0,4.429214186529862e-06,0
1.0,0.6046055555343628,1
0.0,1.0067045650430373e-06,0
0.0,8.052884368225932e-07,0
0.0,0.00013137009227648377,0
0.0,8.94215731734975e-15,0
0.0,0.40666666626930237,1
0.0,2.0545909418245856e-09,0
1.0,0.9999654293060303,1
0.0,0.0002063016581814736,0
1.0,0.9949005246162415,1
1.0,0.9948292374610901,1
1.0,0.9999960660934448,1
1.0,0.9951039552688599,1
1.0,0.9999998807907104,1
1.0,0.9999997615814209,1
0.0,7.257142886629708e-09,0
1.0,0.9997745156288147,1
1.0,0.9999998807907104,1
1.0,0.9854955673217773,1
0.0,0.31276482343673706,1
1.0,0.9994731545448303,1
1.0,1.0,1
0.0,3.2013649509110564e-09,0
1.0,0.9999302625656128,1
1.0,0.9999078512191772,1
0.0,0.32929086685180664,1
0.0,1.8054317479254678e-05,0
0.0,2.5460369670327054e-06,0
1.0,0.5549891591072083,0
0.0,9.324261185383875e-08,0
1.0,0.9978262782096863,1
0.0,1.7970629151431439e-10,0
1.0,0.9999880790710449,1
1.0,1.0,1
0.0,1.3155456144886557e-05,0
1.0,0.9999988079071045,1
1.0,0.9999536275863647,1
1.0,0.6661389470100403,1
0.0,0.0009064594632945955,0
0.0,1.227915049639705e-07,0
1.0,0.986431896686554,1
1.0,0.9999996423721313,1
1.0,0.9979216456413269,1
0.0,2.2449417258485482e-07,0
0.0,0.00015020575665403157,0
0.0,2.983517512905598e-12,0
1.0,0.9999998807907104,1
1.0,0.9999068975448608,1
1.0,0.9994673132896423,1
0.0,1.2653247373484167e-11,0
0.0,3.2973366614896804e-05,0
0.0,0.0016348205972462893,0
0.0,1.178891650965852e-07,0
1.0,0.9999608993530273,1
1.0,0.9997530579566956,1
0.0,4.606080850066974e-09,0
1.0,0.999984622001648,1
1.0,0.9999991655349731,1
0.0,2.7766948462737417e-11,0
1.0,0.8953534960746765,1
0.0,2.2558110934767228e-10,0
1.0,1.0,1
1.0,0.9999984502792358,1
1.0,1.0,1
1.0,0.9999698400497437,1
0.0,1.115520120720248e-09,0
1.0,0.9999940395355225,1
0.0,3.9085156458895653e-05,0
0.0,9.798805677974087e-08,0
1.0,0.9999552965164185,1
1.0,0.9999879598617554,1
1.0,0.9999442100524902,1
0.0,1.0305816431355197e-06,0
0.0,9.52478512772359e-06,0
1.0,0.9997773766517639,1
1.0,0.9827553629875183,1
0.0,0.02064606174826622,0
0.0,0.028959957882761955,0
1.0,0.9999586343765259,1
0.0,5.823875159904901e-09,0
0.0,2.4904118617996573e-05,0
1.0,0.7856056094169617,1
1.0,0.9999992847442627,1
0.0,4.190898107481189e-05,0
1.0,0.7973673343658447,1
1.0,0.9999985694885254,1
1.0,0.9999963045120239,1
0.0,1.7284733985434286e-05,0
1.0,0.9986945986747742,1
1.0,0.9995404481887817,1
0.0,6.072784344723914e-06,0
1.0,0.9485357999801636,1
1.0,0.9999994039535522,1
1.0,0.998691737651825,1
1.0,0.9988647699356079,1
0.0,0.0004151600005570799,0
0.0,5.1719041948672384e-05,0
0.0,5.371720135372016e-07,0
0.0,3.736693906830624e-05,0
1.0,0.9994882345199585,1
0.0,3.452170732436144e-13,0
0.0,5.630983235249687e-09,0
0.0,1.0432288036099635e-05,0
1.0,0.9996840953826904,1
1.0,0.9975740313529968,1
0.0,1.8409750178298434e-13,0
0.0,0.0006247840356081724,0
0.0,0.0006983481580391526,0
0.0,2.5550015436692775e-08,0
1.0,0.9832817912101746,1
1.0,0.9997397065162659,1
0.0,2.675434416232747e-07,0
0.0,1.1974427525929254e-13,0
1.0,0.989035427570343,1
1.0,0.5547357797622681,0
1.0,0.9998942613601685,1
1.0,0.9999939203262329,1
1.0,0.9999964237213135,1
0.0,4.1777239910468394e-17,0
0.0,7.013048161752522e-06,0
1.0,0.999995231628418,1
0.0,0.0016463081119582057,0
1.0,0.9999121427536011,1
1.0,0.9976481795310974,1
0.0,0.0014734916621819139,0
1.0,0.9999086856842041,1
0.0,0.011693846434354782,0
0.0,0.2978026270866394,1
1.0,0.9997969269752502,1
1.0,0.9723725318908691,1
1.0,1.0,1
1.0,0.9999895095825195,1
1.0,0.9973013997077942,1
0.0,2.6270970465702703e-06,0
1.0,1.0,1
1.0,1.0,1
0.0,1.2964992492925376e-06,0
1.0,0.9999748468399048,1
0.0,0.0018317175563424826,0
1.0,0.9997031092643738,1
0.0,6.08857630979287e-10,0
0.0,6.221993089639e-07,0
1.0,0.9993127584457397,1
0.0,4.3447312236821745e-06,0
1.0,0.9999984502792358,1
0.0,4.863545655098278e-08,0
0.0,4.388129096200011e-11,0
0.0,0.0010723904706537724,0
1.0,0.9579126834869385,1
0.0,0.00020646126358769834,0
1.0,0.998863697052002,1
0.0,2.1984656939366687e-07,0
1.0,0.9997937083244324,1
0.0,1.0472492704138858e-06,0
0.0,8.821029950922821e-07,0
1.0,0.9999755620956421,1
1.0,0.9999921321868896,1
1.0,1.0,1
1.0,0.997783362865448,1
1.0,0.898571789264679,1
1.0,0.995923638343811,1
0.0,1.2844342563766986e-05,0
1.0,0.9082077145576477,1
1.0,0.9951421022415161,1
0.0,0.3623894453048706,1
1.0,1.0,1
1.0,0.9998892545700073,1
1.0,0.996093213558197,1
1.0,0.6970729231834412,1
1.0,0.9999597072601318,1
0.0,1.546934491614138e-08,0
1.0,0.9935739636421204,1
0.0,2.365144609939307e-06,0
1.0,0.9956395626068115,1
0.0,2.34479341325311e-12,0
1.0,0.9928532242774963,1
0.0,8.229327249864582e-06,0
1.0,0.9999997615814209,1
0.0,1.7281419673054188e-07,0
1.0,0.9999964237213135,1
0.0,1.6973556782318155e-08,0
1.0,0.9998712539672852,1
1.0,0.9921356439590454,1
1.0,0.9999852180480957,1
1.0,0.9531619548797607,1
1.0,0.9998630285263062,1
0.0,0.031473029404878616,0
1.0,0.9879631996154785,1
0.0,1.953443096169849e-08,0
1.0,0.9999997615814209,1
1.0,0.9999368190765381,1
0.0,8.29505950150633e-07,0
0.0,1.4832885426585563e-06,0
0.0,0.00026537320809438825,0
0.0,2.011939503887561e-10,0
0.0,1.4818810996075626e-05,0
0.0,4.541748421615921e-05,0
0.0,0.01570584625005722,0
1.0,0.9999996423721313,1
0.0,4.9481404857942834e-05,0
0.0,1.982875160995521e-14,0
1.0,0.9999964237213135,1
0.0,4.325485747358471e-09,0
1.0,0.9997034668922424,1
0.0,0.00013635659706778824,0
0.0,5.426088911519855e-09,0
0.0,1.3410190149443224e-06,0
0.0,1.7043034761243803e-09,0
0.0,1.7590161860425724e-07,0
0.0,5.26663102018432e-10,0
0.0,3.22673877235502e-05,0
1.0,0.9999924898147583,1
1.0,0.9999841451644897,1
1.0,0.9999998807907104,1
1.0,0.9937883019447327,1
1.0,0.9893745183944702,1
1.0,0.994831919670105,1
0.0,1.4116235433903057e-05,0
0.0,2.4563702183399982e-09,0
1.0,0.9999990463256836,1
0.0,2.1913057935307734e-05,0
0.0,2.5588366042939015e-05,0
1.0,1.0,1
1.0,0.9987708926200867,1
1.0,0.9999997615814209,1
1.0,0.9989187717437744,1
0.0,0.0003989342076238245,0
1.0,0.9946388602256775,1
0.0,0.0015136443544179201,0
0.0,5.261754722596379e-06,0
1.0,0.9999997615814209,1
1.0,0.9994020462036133,1
1.0,0.999990701675415,1
0.0,1.0834741992482577e-09,0
0.0,0.0004279081185813993,0
0.0,3.626145189628005e-05,0
1.0,0.9882829785346985,1
1.0,0.999193012714386,1
1.0,0.9997484087944031,1
1.0,0.9999748468399048,1
0.0,1.2374937341519399e-07,0
1.0,0.9708064198493958,1
1.0,0.9999061822891235,1
0.0,0.0182170569896698,0
0.0,0.0006792749045416713,0
0.0,0.09050498157739639,1
1.0,0.9999918937683105,1
0.0,1.84002892638091e-05,0
0.0,8.713954002814717e-09,0
0.0,8.465939572488423e-06,0
0.0,0.004191002808511257,0
1.0,0.999983549118042,1
1.0,0.9987896084785461,1
0.0,2.3817232630563012e-08,0
1.0,0.9999990463256836,1
0.0,6.832287513525159e-11,0
1.0,0.9997127652168274,1
0.0,0.0005662495386786759,0
0.0,1.0346189810661599e-05,0
0.0,4.8148672249226365e-06,0
1.0,0.9999618530273438,1
1.0,0.6957513093948364,1
0.0,1.9774045085796388e-06,0
1.0,0.9999998807907104,1
1.0,0.999997615814209,1
1.0,0.9999865293502808,1
0.0,2.0317283855320056e-08,0
1.0,0.9990454316139221,1
1.0,0.9961464405059814,1
0.0,0.00013868517999071628,0
0.0,0.0016615447821095586,0
0.0,2.963996485050302e-05,0
0.0,0.3835318982601166,1
0.0,1.0587520193894306e-07,0
1.0,0.9995248317718506,1
0.0,7.316903793253005e-05,0
0.0,0.0009150791447609663,0
1.0,0.9999619722366333,1
1.0,0.5229508280754089,1
0.0,0.002994932234287262,0
1.0,0.9999290704727173,1
0.0,0.0002207921352237463,0
0.0,2.328306800336577e-05,0
0.0,4.0446335169974645e-10,0
0.0,5.478013065385312e-08,0
0.0,2.01909489128127e-09,0
0.0,6.452324896599748e-07,0
1.0,1.0,1
1.0,0.996504545211792,1
1.0,0.9999978542327881,1
0.0,3.1538007760900655e-09,0
0.0,3.4882188629126176e-05,0
0.0,1.8034734239336103e-05,0
0.0,2.7584314011619426e-05,0
0.0,1.3306703294801991e-07,0
1.0,0.9997280240058899,1
1.0,0.9236235022544861,1
0.0,0.0011878793593496084,0
0.0,3.490568190045451e-08,0
0.0,0.012590034864842892,0
0.0,0.09233725816011429,0
0.0,5.1068785978714004e-05,0
1.0,0.8373187780380249,1
0.0,3.7164794775890186e-05,0
1.0,0.9999994039535522,1
0.0,1.0061683042295044e-07,0
0.0,6.0886966821271926e-05,0
1.0,0.9994389414787292,1
1.0,0.9998302459716797,1
0.0,2.4995774339231502e-09,0
0.0,0.0001219283149112016,0
1.0,0.8627297878265381,1
1.0,0.9010891318321228,1
1.0,0.9999973773956299,1
1.0,0.9999996423721313,1
0.0,5.977285036351532e-05,0
1.0,0.9999834299087524,1
0.0,7.37262820238449e-11,0
1.0,0.9999868869781494,1
0.0,1.5367650263442556e-08,0
0.0,2.8031140075768235e-08,0
1.0,0.9999134540557861,1
1.0,0.9915651082992554,1
0.0,0.0030693437438458204,0
0.0,9.751017842063447e-07,0
0.0,0.00027060089632868767,0
0.0,5.839179357280955e-05,0
0.0,0.005414310377091169,0
1.0,0.8555413484573364,1
0.0,3.073444077017484e-07,0
1.0,0.715104877948761,1
1.0,0.9450953602790833,1
1.0,0.9999970197677612,1
1.0,0.9997645020484924,1
0.0,2.91249634756241e-05,0
0.0,2.1545742967532533e-08,0
0.0,3.721845720505712e-09,0
0.0,3.664984660645132e-06,0
1.0,0.9999980926513672,1
1.0,0.9998703002929688,1
1.0,0.9994267225265503,1
0.0,0.0008163489983417094,0
1.0,0.9713956713676453,1
1.0,0.9996371269226074,1
0.0,1.3844100865689768e-10,0
0.0,5.386698944676027e-07,0
0.0,1.207427387239779e-11,0
0.0,1.2366413102427032e-06,0
1.0,0.9999345541000366,1
1.0,0.9936760067939758,1
1.0,0.9999146461486816,1
0.0,2.720161944580468e-07,0
0.0,0.0051642609760165215,0
0.0,0.01681061089038849,0
0.0,0.02259608544409275,0
0.0,6.570838013431057e-05,0
1.0,0.9934139847755432,1
0.0,0.00019115878967568278,0
1.0,0.9999984502792358,1
0.0,0.000662442238535732,0
0.0,0.00013009757094550878,0
1.0,0.9998034834861755,1
0.0,0.0019893490243703127,0
0.0,0.0031314503867179155,0
0.0,5.225997938396176e-06,0
1.0,0.9997100234031677,1
0.0,7.638771057827398e-05,0
0.0,0.0014556172536686063,0
0.0,1.134186078388666e-08,0
0.0,1.8850865671993233e-05,0
0.0,9.875308150673509e-18,0
1.0,0.720646321773529,0
0.0,7.743307151031331e-08,0
0.0,4.764191908179782e-05,0
1.0,0.999998927116394,1
1.0,0.9999991655349731,1
0.0,0.00041327610961161554,0
1.0,0.9930185675621033,1
0.0,2.1853418630257693e-08,0
0.0,4.077088888720937e-09,0
1.0,0.9999967813491821,1
0.0,5.388377303461311e-06,0
0.0,1.562882971484214e-05,0
1.0,0.9998917579650879,1
0.0,3.2895622261320395e-14,0
0.0,5.6441278734054023e-11,0
0.0,1.5023724131424387e-07,0
1.0,0.9999986886978149,1
1.0,0.9995494484901428,1
0.0,0.00022772737429477274,0
1.0,0.999943733215332,1
0.0,0.0002460890100337565,0
1.0,0.9456847906112671,1
0.0,4.1188263821823057e-07,0
0.0,0.0005800679791718721,0
0.0,0.0003020003787241876,0
0.0,8.449964639112295e-07,0
0.0,0.0068240840919315815,0
0.0,1.4091240245761583e-06,0
1.0,0.9997864365577698,1
1.0,0.9999998807907104,1
0.0,2.701952325878665e-05,0
0.0,6.780865078326315e-05,0
1.0,0.9368135333061218,1
1.0,0.9460849761962891,1
1.0,0.9999537467956543,1
1.0,0.9989309906959534,1
0.0,5.7208908721406715e-09,0
1.0,0.9979522228240967,1
1.0,0.9955392479896545,1
1.0,0.9996969699859619,1
0.0,9.870357864372181e-10,0
0.0,4.885396265308373e-05,0
1.0,0.7965136170387268,1
0.0,3.2566047081239446e-11,0
0.0,1.4238779044717376e-07,0
0.0,0.0006983481580391526,0
1.0,0.9966647028923035,1
0.0,1.798382800188847e-05,0
0.0,2.6871257432503626e-05,0
1.0,0.7487399578094482,1
1.0,0.9477508068084717,1
1.0,0.9999548196792603,1
1.0,0.9987859129905701,1
0.0,3.3236181479878724e-05,0
0.0,4.3582407016629077e-08,0
1.0,0.9998908042907715,1
1.0,0.8833907842636108,1
0.0,0.0001577823713887483,0
1.0,0.9999451637268066,1
1.0,0.9998964071273804,1
1.0,0.9997512698173523,1
0.0,5.044007139076712e-06,0
0.0,4.549776944084982e-10,0
0.0,7.521077094452266e-08,0
1.0,0.905957043170929,1
0.0,1.0305816431355197e-06,0
1.0,0.9870872497558594,1
0.0,1.0701896826503798e-05,0
0.0,0.20912426710128784,0
1.0,0.9998776912689209,1
1.0,0.9999998807907104,1
0.0,2.1908840608375613e-06,0
0.0,0.0008351189317181706,0
1.0,0.892062783241272,1
1.0,1.0,1
0.0,4.592398909153417e-06,0
0.0,4.186637170278118e-08,0
0.0,0.0004704993625637144,0
1.0,0.999998927116394,1
0.0,2.2915470410111993e-08,0
1.0,0.9418656826019287,1
1.0,0.9999314546585083,1
0.0,6.939506420167163e-05,0
0.0,8.188357214500286e-10,0
0.0,2.4308549200213747e-06,0
0.0,2.419984923562879e-07,0
1.0,0.9999490976333618,1
1.0,1.0,1
0.0,3.204402432288589e-08,0
1.0,0.9999779462814331,1
0.0,8.042807166930288e-06,0
0.0,2.0646847079253128e-11,0
0.0,1.58769584146512e-08,0
1.0,0.9999970197677612,1
0.0,0.00013129944272805005,0
1.0,0.9966597557067871,1
1.0,0.9988501071929932,1
0.0,0.00018404287402518094,0
0.0,8.812687468662261e-09,0
1.0,0.9999783039093018,1
0.0,2.166582646623283e-08,0
1.0,0.9999712705612183,1
0.0,0.05135976895689964,1
0.0,5.484063425598151e-09,0
1.0,0.9991965889930725,1
0.0,0.005632462911307812,0
1.0,0.9843553304672241,1
0.0,1.7865900190372486e-06,0
1.0,0.9998190999031067,1
0.0,0.0006323585985228419,0
0.0,5.156690008334408e-07,0
0.0,1.589138065583029e-08,0
0.0,3.0633056091744493e-09,0
0.0,3.3822146472406445e-11,0
0.0,2.377925284235971e-06,0
1.0,0.9680914282798767,0
1.0,0.9999092817306519,1
0.0,0.2695823311805725,1
1.0,0.9999145269393921,1
0.0,5.467020969263103e-07,0
1.0,0.9999892711639404,1
0.0,6.506988938781433e-07,0
0.0,6.533564942401426e-07,0
1.0,0.9999959468841553,1
0.0,1.1775969142036047e-05,0
1.0,0.999993085861206,1
0.0,1.1061832992709242e-05,0
1.0,0.999993085861206,1
0.0,0.003114651655778289,0
1.0,0.999987006187439,1
0.0,5.492330092238262e-05,0
1.0,0.9089754223823547,1
1.0,0.9999666213989258,1
0.0,1.9037298670809832e-07,0
1.0,0.7751539945602417,1
1.0,0.9980787038803101,1
1.0,0.9999995231628418,1
1.0,0.9953585267066956,1
1.0,0.9999912977218628,1
1.0,0.9999994039535522,1
1.0,0.9994683861732483,1
0.0,0.011594819836318493,0
0.0,5.212658379605273e-06,0
1.0,0.9999659061431885,1
0.0,4.088910543487145e-09,0
0.0,8.020173254408292e-07,0
0.0,1.589273438185046e-06,0
0.0,3.8424236237233345e-08,0
0.0,1.578304931193486e-09,0
0.0,0.1904338002204895,0
1.0,0.9921963214874268,1
0.0,4.738988403627832e-16,0
0.0,3.55751471943222e-05,0
0.0,1.8699856241255475e-07,0
1.0,0.9488363265991211,1
0.0,4.5850987362427986e-07,0
1.0,1.0,1
0.0,0.0015493659302592278,0
1.0,0.9812240600585938,1
0.0,1.7440077499486506e-05,0
1.0,0.9551138281822205,1
0.0,0.0001554927439428866,0
0.0,1.0603940414546237e-13,0
1.0,0.9911208748817444,1
1.0,0.9999918937683105,1
0.0,6.514103745303146e-08,0
1.0,0.9999998807907104,1
1.0,0.968822181224823,1
0.0,7.336474228689452e-16,0
1.0,0.9999091625213623,1
1.0,0.9859808683395386,1
0.0,1.0238301001663785e-05,0
0.0,1.1593380699892464e-09,0
0.0,0.0055937268771231174,0
1.0,0.9997256398200989,1
0.0,6.769390165572986e-05,0
1.0,0.9999972581863403,1
1.0,0.9996156692504883,1
1.0,0.999998927116394,1
0.0,1.375238922740607e-09,0
0.0,6.669927277158649e-09,0
0.0,5.338858045433881e-06,0
1.0,0.9999977350234985,1
0.0,7.110186137776475e-12,0
1.0,0.9921396374702454,1
0.0,0.00013057765318080783,0
0.0,1.0702556210162584e-06,0
0.0,8.17307682154933e-06,0
1.0,0.9575197100639343,1
1.0,0.9998103976249695,1
0.0,1.6984591866275878e-07,0
0.0,0.01437778677791357,1
1.0,0.9994957447052002,1
0.0,2.058810969174374e-05,0
1.0,0.6166069507598877,1
0.0,0.0002375587064307183,0
0.0,2.870564896895189e-10,0
0.0,1.629349433152072e-10,0
0.0,1.4427755656853947e-09,0
0.0,0.019504250958561897,0
1.0,0.9996974468231201,1
1.0,1.0,1
1.0,0.9998592138290405,1
0.0,1.3527305782190524e-05,0
0.0,0.000787676777690649,0
1.0,0.9690486192703247,1
0.0,7.430966397770078e-10,0
0.0,5.6895487432484515e-06,0
0.0,1.5230800443077896e-07,0
1.0,0.9999070167541504,1
0.0,4.328793971550869e-17,0
1.0,0.9442803263664246,1
1.0,0.9999927282333374,1
0.0,1.7178456346300663e-06,0
0.0,1.9438743947830517e-06,0
1.0,0.9999872446060181,1
1.0,0.999984622001648,1
1.0,0.9983931183815002,1
1.0,0.9999986886978149,1
0.0,3.6078106404602295e-06,0
0.0,2.0801706341444515e-05,0
0.0,7.626623670705518e-14,0
1.0,1.0,1
0.0,8.052884368225932e-07,0
0.0,7.322058959147171e-09,0
0.0,1.746611104636031e-07,0
1.0,0.9769530296325684,1
1.0,0.9999430179595947,1
1.0,0.9973832964897156,1
0.0,0.0003548077365849167,0
1.0,0.8690394759178162,1
0.0,7.717363261026261e-14,0
1.0,0.9999996423721313,1
0.0,1.9517025862114679e-07,0
0.0,3.151882238278808e-13,0
1.0,0.9997884631156921,1
0.0,5.282952741936242e-09,0
0.0,1.1053354683099315e-05,0
1.0,0.9898021817207336,1
1.0,0.9999778270721436,1
0.0,6.1151336012699176e-06,0
1.0,0.9986556768417358,1
1.0,0.9995513558387756,1
1.0,0.9989810585975647,1
0.0,4.0889026105966897e-13,0
1.0,1.0,1
1.0,0.995762050151825,1
1.0,0.9997326731681824,1
1.0,0.9634467959403992,1
0.0,2.8051849038090992e-11,0
1.0,0.9427343606948853,1
1.0,1.0,1
0.0,6.970701238451227e-10,0
1.0,0.9999748468399048,1
1.0,0.6116135120391846,1
0.0,0.0018015741370618343,0
0.0,2.0817820768570527e-05,0
1.0,0.9999992847442627,1
0.0,0.4686051607131958,1
1.0,0.9999845027923584,1
0.0,0.0009617936448194087,0
0.0,2.7553853669815e-06,0
0.0,1.0360410446219603e-10,0
1.0,0.9999791383743286,1
1.0,0.9991186261177063,1
0.0,7.235636076075025e-06,0
1.0,0.9999929666519165,1
0.0,2.0718624682558584e-07,0
1.0,0.9956438541412354,1
1.0,0.9999891519546509,1
0.0,2.1928475320719508e-17,0
0.0,0.00014659110456705093,0
1.0,0.9429656267166138,1
1.0,0.9999479055404663,1
1.0,0.5443482398986816,1
1.0,0.9997894167900085,1
1.0,0.9999973773956299,1
1.0,0.9998196959495544,1
0.0,6.306584623416711e-07,0
0.0,1.6403145508547823e-08,0
1.0,0.9680914282798767,0
0.0,4.617281319951871e-06,0
1.0,1.0,1
1.0,0.999998927116394,1
0.0,9.61887781159021e-05,0
1.0,0.5501693487167358,0
1.0,0.9997418522834778,1
0.0,0.00015024743333924562,0
0.0,0.0021371168550103903,0
0.0,5.897750838812499e-07,0
0.0,0.01012579444795847,0
1.0,0.9990260601043701,1
0.0,0.00028630325687117875,0
1.0,0.9908995628356934,1
1.0,0.9995378255844116,1
1.0,0.9991021156311035,1
0.0,0.4814084768295288,1
0.0,1.2731195056403521e-05,0
1.0,0.9999971389770508,1
1.0,0.994652509689331,1
1.0,0.9518251419067383,1
1.0,0.9998050332069397,1
0.0,1.7071266622536996e-10,0
1.0,0.9999946355819702,1
0.0,0.3414621949195862,1
1.0,0.9999998807907104,1
0.0,7.70635324442992e-07,0
0.0,4.0824293279229096e-08,0
1.0,0.994539201259613,1
0.0,0.007290671579539776,0
0.0,0.0018871695501729846,0
1.0,1.0,1
0.0,2.3153854726842837e-06,0
1.0,0.969566285610199,1
0.0,4.765811922879948e-07,0
0.0,0.007784487679600716,0
0.0,5.709742254111916e-06,0
1.0,0.9929220676422119,1
0.0,0.0011423081159591675,0
0.0,7.340448064496741e-05,0
1.0,0.9999940395355225,1
1.0,0.9481826424598694,1
0.0,4.1111819429783786e-17,0
1.0,0.9818879961967468,1
1.0,1.0,1
0.0,0.005369019694626331,0
0.0,0.00017939723329618573,0
0.0,0.00015634285227861255,0
1.0,0.9969087243080139,1
0.0,0.0006222774391062558,0
0.0,0.007319739554077387,0
1.0,0.9388531446456909,1
0.0,3.7322081536395046e-10,0
0.0,5.7259649111074395e-06,0
1.0,0.9999493360519409,1
0.0,3.867161467496771e-06,0
1.0,0.9909421801567078,1
1.0,0.6129508018493652,0
1.0,0.9914420247077942,1
0.0,2.47986946533274e-07,0
1.0,0.9993792772293091,1
1.0,0.9999984502792358,1
0.0,1.8230748941722164e-12,0
0.0,7.69725266597937e-14,0
1.0,0.9941385984420776,1
0.0,0.060924746096134186,0
0.0,1.618538618686216e-07,0
1.0,0.9999892711639404,1
1.0,0.9999998807907104,1
1.0,0.9285220503807068,1
0.0,1.3007760146788172e-10,0
1.0,0.9099966287612915,1
0.0,0.0004159423115197569,0
1.0,0.9999961853027344,1
1.0,0.9997928738594055,1
1.0,0.9976925849914551,1
0.0,0.007732504978775978,0
1.0,0.7247057557106018,1
0.0,5.046854857937433e-05,0
1.0,0.9999802112579346,1
1.0,0.9951210618019104,1
0.0,0.016928888857364655,1
1.0,0.9999879598617554,1
1.0,0.9999699592590332,1
1.0,0.9992465972900391,1
0.0,1.0334112038323795e-12,0
1.0,1.0,1
1.0,0.9995392560958862,1
1.0,0.9998928308486938,1
0.0,2.565012209743145e-06,0
0.0,6.247890269150957e-05,0
0.0,7.25764115472316e-09,0
0.0,0.000317787635140121,0
0.0,0.41616323590278625,0
0.0,3.3236181479878724e-05,0
1.0,0.9997454285621643,1
1.0,0.9994344115257263,1
0.0,6.028940801455773e-12,0
0.0,2.1549737688753012e-11,0
0.0,0.48545190691947937,1
1.0,0.7946459054946899,1
0.0,1.0736864624050213e-06,0
1.0,0.9987737536430359,1
1.0,0.911838710308075,1
0.0,4.968784939052284e-09,0
1.0,0.9970760345458984,1
0.0,0.0022275755181908607,0
1.0,0.9985105395317078,1
1.0,0.9617828130722046,1
1.0,0.9750295281410217,1
1.0,0.9983030557632446,1
1.0,1.0,1
1.0,0.9999767541885376,1
0.0,0.007145899813622236,0
1.0,0.5798270106315613,1
1.0,0.999998927116394,1
1.0,0.9937663078308105,1
1.0,0.9999933242797852,1
0.0,1.4028588068981662e-08,0
1.0,0.9999347925186157,1
1.0,0.9433479905128479,1
1.0,0.9997232556343079,1
1.0,0.9983094930648804,1
1.0,0.7604592442512512,1
1.0,0.9293471574783325,1
0.0,9.725592065024102e-08,0
1.0,0.9989017248153687,1
1.0,0.9998738765716553,1
0.0,1.0360410446219603e-10,0
1.0,0.9992316961288452,1
0.0,4.579195774567779e-06,0
1.0,0.999664306640625,1
1.0,0.9878230094909668,1
0.0,2.4791768282739213e-07,0
0.0,2.0127485186094418e-05,0
0.0,5.76785303962879e-08,0
1.0,0.9973944425582886,1
1.0,0.9103095531463623,1
1.0,0.9996980428695679,1
1.0,0.9996355772018433,1
0.0,9.919860895024613e-05,0
1.0,0.9999982118606567,1
1.0,1.0,1
1.0,0.999977707862854,1
1.0,0.9999610185623169,1
0.0,0.00010436408774694428,0
1.0,0.9999946355819702,1
1.0,0.999826967716217,1
0.0,3.930747425329173e-07,0
1.0,0.976536214351654,1
0.0,4.588475377431678e-08,0
1.0,0.9853958487510681,1
0.0,3.6225116331091434e-13,0
0.0,0.0006622743676416576,0
1.0,0.9988102912902832,1
1.0,0.9999994039535522,1
0.0,0.034599993377923965,0
1.0,0.9560081362724304,1
1.0,0.9999948740005493,1
0.0,0.21701815724372864,1
1.0,0.9999985694885254,1
0.0,1.2443922969396226e-05,0
1.0,0.9996284246444702,1
0.0,1.217235535477812e-06,0
0.0,0.00012955111742485315,0
1.0,0.9965625405311584,1
1.0,0.8433035016059875,1
1.0,0.9999969005584717,1
0.0,2.409611170151038e-06,0
1.0,1.0,1
1.0,0.999942421913147,1
0.0,0.0002159790601581335,0
0.0,3.407557258583438e-08,0
0.0,0.0030272563453763723,0
1.0,0.9970030188560486,1
0.0,2.4064807924162324e-09,0
1.0,0.9700231552124023,1
1.0,1.0,1
1.0,0.9996870756149292,1
0.0,0.4870222210884094,1
0.0,1.2159001016698312e-05,0
1.0,0.9999998807907104,1
1.0,0.998708963394165,1
1.0,0.9999990463256836,1
1.0,0.9994356036186218,1
1.0,0.9838877320289612,1
0.0,0.0038939386140555143,0
0.0,7.565863491265645e-09,0
1.0,0.999975323677063,1
0.0,1.2259680204351753e-07,0
1.0,0.9999997615814209,1
1.0,0.9999808073043823,1
1.0,0.9994229078292847,1
1.0,0.9983807802200317,1
1.0,0.9999710321426392,1
1.0,0.9756597280502319,1
1.0,0.8673326373100281,1
1.0,0.9999998807907104,1
0.0,2.542780350722751e-07,0
1.0,0.9999481439590454,1
1.0,0.999634861946106,1
0.0,0.0005944074364379048,0
0.0,0.004337794613093138,0
1.0,0.8933873772621155,1
0.0,0.0002653899136930704,0
0.0,0.0002998824347741902,0
0.0,0.007743766997009516,0
1.0,0.9990963935852051,1
1.0,0.9682806134223938,1
1.0,0.9999984502792358,1
0.0,3.4907479573575984e-08,0
1.0,0.9995812773704529,1
0.0,1.0800397902410719e-11,0
1.0,0.9999970197677612,1
1.0,0.9999890327453613,1
0.0,1.4387337892232677e-12,0
1.0,0.9999616146087646,1
0.0,2.657216646184679e-05,0
1.0,0.9999996423721313,1
0.0,4.977704293196439e-07,0
0.0,0.4002927839756012,1
0.0,5.999466479167381e-10,0
1.0,0.9499459862709045,1
0.0,9.23303787203622e-07,0
0.0,0.3174479007720947,1
1.0,0.9999780654907227,1
0.0,1.2874411758900806e-08,0
0.0,0.0018676032777875662,0
0.0,6.3480188146058936e-06,0
1.0,0.999225378036499,1
0.0,3.335693721240318e-09,0
0.0,1.3865936177026583e-09,0
0.0,1.0834478416654747e-06,0
1.0,0.9117211103439331,1
0.0,0.0001708017662167549,0
0.0,0.0060760765336453915,0
1.0,0.9484676122665405,1
1.0,0.9999877214431763,1
1.0,0.998391330242157,1
0.0,1.195037953038991e-07,0
0.0,6.433444650610909e-05,0
0.0,5.602370833912573e-07,0
1.0,0.9997712969779968,1
1.0,0.9046924710273743,1
1.0,0.9999985694885254,1
1.0,0.9971115589141846,1
0.0,0.3199499845504761,1
1.0,0.999347984790802,1
1.0,0.9933422207832336,1
0.0,0.08532850444316864,0
1.0,1.0,1
1.0,0.9820399880409241,1
0.0,0.03328830003738403,1
0.0,1.5023724131424387e-07,0
1.0,0.9999998807907104,1
1.0,0.9392428398132324,1
0.0,4.950316360918805e-05,0
0.0,3.863704911566401e-09,0
1.0,0.9999918937683105,1
1.0,0.9999864101409912,1
1.0,0.9999866485595703,1
1.0,0.9949337840080261,1
1.0,0.9993383288383484,1
1.0,0.9999991655349731,1
1.0,0.89410001039505,1
1.0,0.9835799336433411,1
1.0,0.9291425943374634,1
1.0,0.99913090467453,1
1.0,0.9999510049819946,1
1.0,0.9961715340614319,1
1.0,0.9958173632621765,1
0.0,2.756789285740524e-07,0
1.0,0.5096423625946045,1
0.0,1.3698937095796282e-08,0
1.0,0.9993293285369873,1
1.0,0.9889389276504517,1
0.0,0.0009761842666193843,0
1.0,0.999990701675415,1
1.0,0.9986177682876587,1
1.0,0.9999991655349731,1
0.0,4.8693796088628005e-06,0
1.0,0.9990494847297668,1
0.0,7.378563896054402e-05,0
1.0,0.9993079900741577,1
1.0,0.9927769899368286,1
0.0,0.0007856610463932157,0
0.0,1.5006691722607712e-10,0
1.0,0.9967159032821655,1
1.0,0.9999656677246094,1
0.0,8.760064673651868e-09,0
0.0,4.153816234118285e-13,0
0.0,0.4682806432247162,0
1.0,0.9999009370803833,1
1.0,0.9997606873512268,1
1.0,0.9927046895027161,1
0.0,2.2279311906459043e-06,0
1.0,0.9532817602157593,1
1.0,0.857724130153656,1
1.0,0.9946421384811401,1
0.0,0.06314471364021301,0
1.0,0.9997771382331848,1
1.0,1.0,1
0.0,0.41744258999824524,1
1.0,0.9534549117088318,1
1.0,0.9898466467857361,1
1.0,0.9997826218605042,1
0.0,0.00038944886182434857,0
1.0,0.5152390599250793,1
0.0,7.379643792241859e-16,0
1.0,0.9998905658721924,1
0.0,9.735632374940906e-06,0
0.0,3.2106614526128396e-05,0
1.0,0.9999983310699463,1
1.0,0.8355481624603271,1
1.0,0.9939390420913696,1
1.0,0.9999794960021973,1
1.0,1.0,1
1.0,0.9999994039535522,1
0.0,6.020385171723319e-06,0
1.0,0.9967261552810669,1
1.0,0.9999723434448242,1
0.0,1.07863361336058e-05,0
1.0,0.9568421244621277,1
0.0,2.1549737688753012e-11,0
0.0,0.00028411002131178975,0
1.0,0.5871849060058594,1
1.0,0.9950085878372192,1
1.0,0.9926795959472656,1
1.0,0.9996328353881836,1
1.0,0.9977432489395142,1
1.0,0.9970272183418274,1
0.0,0.0015639582416042686,0
1.0,0.9974409341812134,1
1.0,0.9337272047996521,1
0.0,0.46833330392837524,1
0.0,3.700068589296279e-07,0
0.0,0.0003177056205458939,0
0.0,0.0022960957139730453,0
0.0,1.1458033668532153e-06,0
0.0,1.9915491066058166e-05,0
1.0,0.9999994039535522,1
1.0,0.9999479055404663,1
0.0,4.24409961397032e-07,0
1.0,0.9976930022239685,1
1.0,0.9996377229690552,1
0.0,4.105099833395798e-06,0
0.0,0.0034893250558525324,0
1.0,0.9365398287773132,1
1.0,0.9999327659606934,1
1.0,0.9999819993972778,1
0.0,6.493204182334011e-06,0
1.0,0.9999827146530151,1
1.0,0.8764609098434448,1
1.0,1.0,1
1.0,0.999966025352478,1
0.0,0.36120694875717163,1
0.0,1.284132054024667e-07,0
1.0,0.9985682964324951,1
1.0,0.9999995231628418,1
0.0,2.7254120530325792e-17,0
1.0,0.9551184773445129,1
1.0,0.9999706745147705,1
1.0,0.9999910593032837,1
0.0,0.00034182905801571906,0
1.0,0.8530499935150146,1
0.0,1.299387974995625e-07,0
1.0,0.9983879327774048,1
0.0,0.00015189580153673887,0
0.0,1.2443922969396226e-05,0
1.0,0.9847114086151123,1
0.0,1.3061572644801345e-05,0
0.0,0.00014458582154475152,0
1.0,1.0,1
0.0,1.726733387386048e-07,0
1.0,0.9999960660934448,1
1.0,0.9999798536300659,1
1.0,0.9994545578956604,1
0.0,0.09184580296278,1
0.0,2.743324557741289e-06,0
0.0,0.00021563337941188365,0
0.0,1.6431584299425595e-05,0
1.0,0.9999977350234985,1
0.0,6.590219527424779e-06,0
0.0,0.2691711485385895,1
0.0,2.235536378236702e-08,0
0.0,9.063830930244876e-08,0
0.0,0.0008201282471418381,0
0.0,5.099839199829148e-06,0
0.0,4.438766249090925e-13,0
0.0,8.33255122886789e-13,0
0.0,0.00051136314868927,0
0.0,8.562393351231175e-17,0
0.0,0.00209443224593997,0
1.0,0.9999984502792358,1
1.0,0.9992961883544922,1
1.0,0.9999997615814209,1
1.0,0.9999897480010986,1
1.0,0.9981436729431152,1
0.0,0.00043631254811771214,0
1.0,0.9989388585090637,1
0.0,3.8804873270237294e-07,0
1.0,0.9256841540336609,1
1.0,0.9996210336685181,1
1.0,0.9995786547660828,1
0.0,2.2759109015169088e-06,0
1.0,0.9870998859405518,1
0.0,3.491279265688263e-09,0
1.0,1.0,1
0.0,1.935103455252829e-06,0
1.0,0.9999011754989624,1
1.0,0.9998378753662109,1
0.0,4.120810004337727e-08,0
0.0,3.0619926150166066e-08,0
1.0,0.9999979734420776,1
0.0,3.650647499853221e-07,0
0.0,4.422056463226909e-06,0
1.0,0.9984595775604248,1
0.0,6.738347110513132e-06,0
0.0,1.0944226232822984e-05,0
1.0,0.9999996423721313,1
1.0,0.9999967813491821,1
0.0,7.856696626618032e-09,0
1.0,0.9964660406112671,1
1.0,0.999751627445221,1
0.0,1.054048766491178e-06,0
1.0,0.9999837875366211,1
1.0,0.5729619264602661,1
0.0,2.978961504140898e-07,0
0.0,0.00022956602333579212,0
0.0,1.6538348468486674e-09,0
1.0,0.9987196922302246,1
1.0,0.9999862909317017,1
1.0,0.9970098733901978,1
0.0,4.063686901645269e-06,0
1.0,0.9999886751174927,1
0.0,7.000983168836683e-05,0
0.0,3.907804924097036e-08,0
1.0,0.8575149178504944,1
1.0,0.7743760347366333,1
1.0,0.6650465130805969,0
1.0,0.9999271631240845,1
0.0,4.443868917292093e-08,0
1.0,0.9965085387229919,1
0.0,1.025993654479862e-07,0
0.0,1.6984809392273092e-10,0
1.0,0.9999799728393555,1
0.0,0.03432530537247658,0
0.0,2.4737075818848098e-06,0
1.0,0.9999644756317139,1
0.0,9.179873750042589e-09,0
1.0,1.0,1
0.0,0.05248867720365524,0
1.0,0.9999396800994873,1
0.0,0.0018015741370618343,0
0.0,0.00493725435808301,0
1.0,0.97069251537323,1
1.0,0.9999535083770752,1
1.0,1.0,1
0.0,4.853990958508803e-06,0
1.0,1.0,1
0.0,0.0011492518242448568,0
1.0,0.9999923706054688,1
0.0,0.14703300595283508,0
1.0,0.9962984919548035,1
0.0,0.004985490348190069,0
0.0,1.658206201682333e-06,0
0.0,5.5731219617882743e-05,0
0.0,1.731343559185916e-06,0
0.0,0.00017806761024985462,0
1.0,0.9999994039535522,1
0.0,2.448378381814109e-06,0
1.0,0.9525628089904785,1
0.0,2.4722746072569635e-10,0
1.0,1.0,1
1.0,0.9961903095245361,1
1.0,0.9999773502349854,1
0.0,1.7079083980409138e-10,0
1.0,0.9999836683273315,1
0.0,4.499329353535586e-09,0
1.0,0.9995637536048889,1
0.0,3.84581517209881e-06,0
1.0,0.999920129776001,1
0.0,0.039265599101781845,0
0.0,6.559243047377095e-05,0
1.0,0.9999994039535522,1
0.0,6.852760270703584e-05,0
0.0,7.018655878709978e-07,0
1.0,0.999985933303833,1
0.0,5.19590776093537e-06,0
0.0,0.0002454464847687632,0
1.0,0.9875934720039368,1
1.0,1.0,1
0.0,0.00027941862936131656,0
1.0,0.9999998807907104,1
1.0,0.9898884892463684,1
1.0,0.9977104663848877,1
1.0,0.999990701675415,1
1.0,0.9999450445175171,1
1.0,0.8514443635940552,1
0.0,0.00020238998695276678,0
1.0,0.9884478449821472,1
0.0,5.460906322696246e-05,0
1.0,0.8817262649536133,1
1.0,0.9986812472343445,1
1.0,0.9999972581863403,1
1.0,0.9999974966049194,1
0.0,0.017522670328617096,0
1.0,0.999305009841919,1
0.0,0.009276555851101875,1
1.0,0.5598135590553284,1
0.0,2.7966875777024613e-13,0
1.0,0.9999966621398926,1
0.0,1.1448882730746845e-08,0
1.0,0.9999997615814209,1
0.0,0.0003790991613641381,0
1.0,0.9923514723777771,1
0.0,7.424892256580051e-09,0
0.0,0.00010344226029701531,0
0.0,1.0393114280304871e-05,0
0.0,2.3835671214555987e-09,0
1.0,0.9990167617797852,1
0.0,0.24998463690280914,0
1.0,0.9999949932098389,1
1.0,0.9999977350234985,1
1.0,0.9588411450386047,1
1.0,0.9996649026870728,1
1.0,0.9999479055404663,1
0.0,3.2435907542094355e-06,0
1.0,0.9342195987701416,1
1.0,1.0,1
0.0,1.0062863221730126e-13,0
0.0,3.3419124520150945e-05,0
1.0,0.9997584223747253,1
0.0,6.965064676478505e-05,0
0.0,5.691559223919285e-09,0
0.0,2.5433907424599056e-08,0
0.0,0.0008139907149598002,0
1.0,0.9785013794898987,1
1.0,0.9989790916442871,1
1.0,0.9851959943771362,1
1.0,0.9947822690010071,1
1.0,0.9999070167541504,1
1.0,0.9999545812606812,1
1.0,0.9677227735519409,1
1.0,0.9931467175483704,1
1.0,0.999721109867096,1
1.0,0.9991012811660767,1
1.0,0.9660007953643799,1
0.0,6.0752645367756486e-05,0
1.0,0.997637152671814,1
1.0,0.9999648332595825,1
1.0,0.9999585151672363,1
1.0,1.0,1
1.0,0.923746645450592,1
1.0,0.9971696734428406,1
0.0,0.0031560175120830536,0
0.0,1.42060816870071e-05,0
1.0,0.999749481678009,1
1.0,0.9999986886978149,1
0.0,0.005679052788764238,0
1.0,0.9999511241912842,1
0.0,1.7899856175063178e-06,0
1.0,0.9997506737709045,1
1.0,1.0,1
0.0,1.2343043254148256e-09,0
0.0,0.0001747413189150393,0
1.0,0.9999197721481323,1
0.0,2.5166107804446003e-14,0
0.0,2.1250345525913872e-05,0
0.0,3.454470043351421e-09,0
1.0,0.9997953772544861,1
1.0,1.0,1
0.0,7.113113497325685e-06,0
1.0,0.9995506405830383,1
1.0,0.9998419284820557,1
0.0,0.001138089457526803,0
0.0,8.066272982887313e-09,0
1.0,0.9717564582824707,1
1.0,0.9999983310699463,1
1.0,0.9996976852416992,1
1.0,0.9519871473312378,1
1.0,0.9998500347137451,1
1.0,0.6145405173301697,1
1.0,0.9881678223609924,1
1.0,0.9999485015869141,1
1.0,0.9999533891677856,1
1.0,0.9983648657798767,1
1.0,0.9999474287033081,1
1.0,0.9999611377716064,1
1.0,0.9999197721481323,1
1.0,0.917685866355896,1
0.0,2.0778799125764635e-07,0
0.0,9.946209844234263e-15,0
0.0,6.205114200241724e-09,0
1.0,0.9998964071273804,1
1.0,0.953689694404602,1
1.0,0.9999895095825195,1
1.0,0.9999938011169434,1
